# Blender 4.2.2 LTS
# www.blender.org
mtllib lobby.mtl
o roof
v 0.150050 14.091900 20.043741
v -0.300097 13.862695 19.998140
v 0.150049 13.633490 19.952536
v -0.150049 12.692195 21.017515
v -0.150049 12.260010 20.910023
v 0.300097 12.476103 20.963770
v -0.121681 8.574430 22.555428
v -0.098369 8.251588 22.404041
v 0.220050 8.182776 22.554806
v -3.295666 7.956450 22.548841
v -3.176632 7.669076 22.393827
v -3.098135 7.479567 22.571606
v -5.976990 6.149076 22.555428
v -5.765189 5.904308 22.404041
v -5.941688 5.630495 22.554806
v -8.868629 9.080832 21.017515
v -8.563026 8.775233 20.910023
v -9.034128 8.609731 20.963770
v -10.070578 9.858377 20.043743
v -9.590205 10.014606 19.998140
v -9.746433 9.534233 19.952536
v -14.091902 0.150049 20.043743
v -13.862697 -0.300097 19.998140
v -13.633492 0.150049 19.952536
v -12.692189 -0.150047 21.017515
v -12.260003 -0.150046 20.910023
v -12.476096 0.300100 20.963770
v -8.420935 -0.098367 22.605476
v -8.098091 -0.121678 22.454088
v -8.489747 0.220052 22.454710
v -7.734319 3.203663 22.615690
v -7.446945 3.084628 22.460674
v -7.923828 3.282160 22.437910
v -5.996747 5.868123 22.609333
v -5.808664 5.650599 22.448158
v -5.878455 6.165156 22.456783
v -2.129424 2.021500 23.446732
v -2.039114 1.837746 23.268892
v -2.041213 2.350505 23.300585
v -1.108244 2.675537 23.449831
v -1.027311 2.480148 23.273090
v -1.225137 2.957743 23.293285
v 0.076314 2.935146 23.446732
v 0.142389 2.741353 23.268892
v -0.218703 3.105413 23.300585
v 0.090954 8.389738 22.609333
v 0.111771 8.102931 22.448158
v -0.202726 8.516127 22.456783
v 3.203663 7.734326 22.615690
v 3.084629 7.446952 22.460674
v 3.282160 7.923835 22.437910
v 5.919596 5.919596 22.615690
v 5.699650 5.699650 22.460674
v 6.064640 6.064640 22.437910
v 7.734325 3.203662 22.615690
v 7.446952 3.084628 22.460674
v 7.923834 3.282159 22.437910
v 8.371572 -0.000001 22.615690
v 8.060522 -0.000001 22.460674
v 8.576696 -0.000001 22.437910
v 7.734324 -3.203663 22.615690
v 7.446950 -3.084629 22.460674
v 7.923832 -3.282160 22.437910
v 5.919594 -5.919596 22.615690
v 5.699647 -5.699650 22.460674
v 6.064638 -6.064640 22.437910
v 3.203660 -7.734324 22.615690
v 3.084626 -7.446950 22.460674
v 3.282157 -7.923832 22.437910
v -0.000002 -8.371570 22.615690
v -0.000002 -8.060518 22.460674
v -0.000002 -8.576694 22.437910
v -3.203663 -7.734321 22.615690
v -3.084629 -7.446948 22.460674
v -3.282160 -7.923830 22.437910
v -5.919595 -5.919592 22.615690
v -5.699649 -5.699646 22.460674
v -6.064639 -6.064636 22.437910
v -7.734322 -3.203659 22.615690
v -7.446948 -3.084625 22.460674
v -7.923831 -3.282156 22.437910
v -8.389730 -0.090952 22.609333
v -8.102923 -0.111769 22.448158
v -8.516119 0.202728 22.456783
v -3.083264 -0.095977 23.427235
v -2.971550 -0.125377 23.238590
v -2.727101 0.221355 23.350384
v -2.881687 -1.193633 23.424646
v -2.800534 -1.160019 23.233948
v -2.431211 -1.007040 23.357613
v -2.248063 -2.112330 23.427235
v -2.189858 -2.012547 23.238590
v -1.771831 -2.084873 23.350384
v -6.085697 -5.920820 22.590343
v -5.928766 -5.672525 22.430717
v -5.669419 -6.090528 22.493214
v -9.066951 -8.902074 21.020956
v -8.809402 -8.553161 20.914297
v -8.589448 -9.010556 20.956055
v -9.823473 -10.079711 20.040117
v -10.036222 -9.615112 20.004684
v -9.547524 -9.712399 19.949617
v -3.076631 0.014708 23.435476
v -2.628652 -0.029415 23.338736
v -3.076631 0.014708 23.241995
v -2.723892 0.541816 23.435476
v -2.723892 0.541816 23.241995
v -3.165389 0.629635 23.338736
v -2.309204 1.542961 23.435476
v -2.309204 1.542961 23.241995
v -2.683486 1.793049 23.338736
v -2.185906 2.165107 23.435476
v -1.837938 1.879537 23.338736
v -2.185906 2.165107 23.241995
v -0.150048 -14.091904 20.043743
v 0.300098 -13.862699 19.998140
v -0.150049 -13.633494 19.952536
v 0.150047 -12.692191 21.017515
v 0.150047 -12.260005 20.910023
v -0.300100 -12.476098 20.963770
v 0.150047 -8.480649 22.585196
v 0.150047 -8.191873 22.424320
v -0.300099 -8.336261 22.504759
v 0.101634 -2.908961 23.443619
v 0.120114 -2.755015 23.258947
v -0.221749 -3.117940 23.313641
v -1.094141 -2.641490 23.447521
v -1.036420 -2.502140 23.262365
v -1.230132 -2.969801 23.306320
v -2.026667 -2.017216 23.447521
v -1.930980 -1.900621 23.262365
v -2.252105 -2.291914 23.306320
v 9.858381 -10.070580 20.043743
v 10.014609 -9.590207 19.998140
v 9.534237 -9.746437 19.952536
v 9.080833 -8.868634 21.017515
v 8.775232 -8.563033 20.910023
v 8.609732 -9.034136 20.963770
v 6.102825 -5.890626 22.585196
v 5.898629 -5.686430 22.424320
v 5.682425 -6.106830 22.504759
v 2.128812 -1.985081 23.443619
v 2.033023 -1.863156 23.258945
v 2.047916 -2.361516 23.313641
v 1.094141 -2.641491 23.447521
v 1.036420 -2.502140 23.262365
v 1.230132 -2.969802 23.306320
v -0.006683 -2.859457 23.447521
v -0.021467 -2.709351 23.262365
v 0.028149 -3.213107 23.306320
v 14.091907 -0.150048 20.043743
v 13.862701 0.300098 19.998140
v 13.633497 -0.150048 19.952536
v 12.692192 0.150048 21.017515
v 12.260007 0.150047 20.910023
v 12.476100 -0.300099 20.963770
v 8.480652 0.150048 22.585196
v 8.191875 0.150048 22.424320
v 8.336264 -0.300098 22.504759
v 2.908962 0.101634 23.443619
v 2.755015 0.120114 23.258945
v 3.117940 -0.221749 23.313641
v 2.641491 -1.094142 23.447521
v 2.502140 -1.036421 23.262365
v 2.969802 -1.230133 23.306320
v 2.017216 -2.026667 23.447521
v 1.900621 -1.930980 23.262365
v 2.291914 -2.252106 23.306320
v 10.070581 9.858382 20.043743
v 9.590208 10.014610 19.998140
v 9.746438 9.534238 19.952536
v 8.868635 9.080835 21.017515
v 8.563034 8.775234 20.910023
v 9.034137 8.609733 20.963770
v 5.890626 6.102827 22.585196
v 5.686430 5.898631 22.424320
v 6.106830 5.682427 22.504759
v 1.985081 2.128813 23.443619
v 1.863157 2.033024 23.258947
v 2.361517 2.047917 23.313641
v 2.641491 1.094141 23.447521
v 2.502140 1.036420 23.262365
v 2.969802 1.230132 23.306320
v 2.859458 -0.006683 23.447521
v 2.709352 -0.021467 23.262365
v 3.213108 0.028149 23.306320
v 0.014706 3.076630 23.435476
v -0.029413 2.628651 23.338736
v 0.014706 3.076630 23.241995
v 0.541816 2.723894 23.435476
v 0.541816 2.723894 23.241995
v 0.629634 3.165391 23.338736
v 1.542961 2.309206 23.435476
v 1.542961 2.309206 23.241995
v 1.793050 2.683488 23.338736
v 2.165108 2.185907 23.435476
v 1.879538 1.837940 23.338736
v 2.165108 2.185908 23.241995
vn -0.2550 0.3751 -0.8912
vn 0.2680 -0.3334 -0.9039
vn 0.3654 0.3175 0.8750
vn -0.0049 -0.0015 1.0000
vn 0.1256 -0.6506 -0.7490
vn -0.0849 0.4456 -0.8912
vn 0.3712 -0.5488 -0.7490
vn 0.7090 0.7051 0.0111
vn -0.4829 -0.0339 0.8750
vn 0.0463 -0.4253 -0.9039
vn 0.7222 0.6822 0.1137
vn -0.5808 0.1120 0.8063
vn 0.1538 -0.6729 -0.7236
vn 0.0283 -0.9931 0.1137
vn -0.6510 0.1244 0.7488
vn -0.4899 0.3314 0.8063
vn -0.7187 -0.6849 -0.1199
vn 0.0048 -0.9998 0.0195
vn 0.5805 -0.1122 -0.8065
vn -0.1504 0.6737 0.7236
vn 0.5846 0.3670 -0.7236
vn 0.4899 -0.3311 -0.8065
vn -0.5827 -0.3700 0.7236
vn -0.0239 0.9925 -0.1200
vn 0.4232 -0.2739 0.8636
vn 0.3210 0.3695 -0.8720
vn -0.3328 0.2677 0.9042
vn -0.7341 0.5179 0.4392
vn 0.0002 0.0020 -1.0000
vn 0.4420 -0.0947 0.8920
vn 0.0361 -0.0279 -0.9990
vn -0.7126 -0.6937 0.1046
vn 0.1878 0.3885 0.9021
vn 0.2704 0.0605 -0.9608
vn 0.3473 -0.5459 0.7625
vn -0.2731 0.3777 0.8847
vn -0.0349 0.0615 -0.9975
vn 0.1404 -0.6316 0.7625
vn -0.0739 0.4602 0.8847
vn -0.0188 0.0682 -0.9975
vn 0.9944 0.0134 0.1046
vn -0.4075 0.1419 0.9021
vn -0.2340 -0.1484 -0.9608
vn -0.1056 -0.4930 0.8636
vn 0.1528 0.8853 0.4392
vn -0.0058 -0.0453 -0.9990
vn -0.2517 -0.3767 0.8915
vn 0.3679 0.5506 0.7493
vn -0.0250 -0.0374 -0.9990
vn -0.3767 -0.2517 0.8915
vn 0.5506 0.3679 0.7493
vn -0.0374 -0.0250 -0.9990
vn -0.4443 -0.0884 0.8915
vn 0.6495 0.1292 0.7493
vn -0.0441 -0.0088 -0.9990
vn -0.4443 0.0884 0.8915
vn 0.6495 -0.1292 0.7493
vn -0.0441 0.0088 -0.9990
vn -0.3767 0.2517 0.8915
vn 0.5506 -0.3679 0.7493
vn -0.0374 0.0250 -0.9990
vn -0.2517 0.3767 0.8915
vn 0.3679 -0.5506 0.7493
vn -0.0250 0.0374 -0.9990
vn -0.0884 0.4443 0.8915
vn 0.1292 -0.6495 0.7493
vn -0.0088 0.0441 -0.9990
vn 0.0884 0.4443 0.8915
vn -0.1292 -0.6495 0.7493
vn 0.0088 0.0441 -0.9990
vn 0.2517 0.3767 0.8915
vn -0.3679 -0.5506 0.7493
vn 0.0250 0.0374 -0.9990
vn 0.3767 0.2517 0.8915
vn -0.5506 -0.3679 0.7493
vn 0.0374 0.0250 -0.9990
vn 0.4930 0.1056 0.8636
vn -0.8853 -0.1528 0.4392
vn 0.0453 0.0058 -0.9990
vn -0.0163 -0.9949 0.0995
vn -0.1406 0.4081 0.9021
vn 0.1495 0.2064 -0.9670
vn -0.8603 -0.1568 -0.4850
vn 0.1706 0.0469 0.9842
vn 0.2971 0.0534 -0.9534
vn -0.7192 -0.4974 -0.4850
vn 0.1538 0.0875 0.9842
vn 0.2478 0.1723 -0.9534
vn -0.7034 0.6415 0.3063
vn 0.1688 -0.3606 0.9173
vn 0.2200 -0.0094 -0.9755
vn -0.7464 0.6227 0.2349
vn 0.0117 -0.4749 0.8799
vn 0.3830 0.1004 -0.9183
vn -0.7357 0.6237 0.2640
vn 0.9931 0.0283 0.1137
vn -0.0362 -0.6257 0.7792
vn 0.6200 0.2296 -0.7503
vn 0.9864 0.1645 -0.0000
vn -0.2223 0.0441 0.9740
vn -0.1883 0.1260 0.9740
vn 0.7370 -0.6200 -0.2692
vn 0.9239 -0.3827 -0.0000
vn 0.0367 0.6253 -0.7795
vn -0.6204 -0.2268 0.7508
vn -0.1883 0.1260 -0.9740
vn 0.1968 -0.1317 -0.9715
vn 0.1968 -0.1317 0.9715
vn -0.9897 -0.1429 -0.0000
vn -0.2193 -0.1462 0.9646
vn -0.1977 0.0819 -0.9768
vn -0.1978 0.0819 0.9768
vn -0.3314 -0.4899 0.8063
vn -0.2223 0.0441 -0.9740
vn 0.5812 -0.8138 -0.0000
vn -0.5988 0.8009 -0.0000
vn 1.0000 -0.0000 -0.0000
vn 0.2323 -0.0460 -0.9715
vn 0.2323 -0.0460 0.9715
vn -0.3670 0.5846 -0.7236
vn 0.3311 0.4899 -0.8065
vn 0.3700 -0.5827 0.7236
vn -0.9925 -0.0239 -0.1200
vn 0.1722 0.7605 0.6261
vn -0.2691 0.3360 -0.9026
vn -0.2691 -0.3360 0.9026
vn -0.0615 -0.3727 0.9259
vn -0.3026 0.1430 -0.9423
vn 0.9999 0.0068 0.0122
vn -0.0295 -0.1217 -0.9921
vn 0.4334 0.6445 0.6299
vn -0.2063 -0.3081 0.9287
vn -0.0485 -0.0721 -0.9962
vn 0.6822 0.7222 0.1137
vn 0.1120 -0.5808 0.8063
vn -0.0517 -0.2585 0.9646
vn -0.6729 0.1538 -0.7236
vn -0.1122 0.5805 -0.8065
vn 0.6737 -0.1504 0.7236
vn 0.7071 0.7071 -0.0000
vn -0.6849 -0.7187 -0.1200
vn -0.4160 0.6595 0.6261
vn -0.4278 0.0473 -0.9026
vn 0.0473 -0.4278 0.9026
vn 0.2201 -0.3070 0.9259
vn -0.3151 -0.1128 -0.9423
vn 0.7022 0.7118 0.0122
vn 0.0652 -0.1069 -0.9921
vn -0.1493 0.7622 0.6299
vn 0.0720 -0.3637 0.9287
vn 0.0167 -0.0853 -0.9962
vn -0.0283 0.9931 0.1137
vn 0.4899 -0.3314 0.8063
vn 0.1462 -0.2193 0.9646
vn -0.5846 -0.3670 -0.7236
vn -0.4899 0.3311 -0.8065
vn 0.5827 0.3700 0.7236
vn -0.0000 1.0000 -0.0000
vn 0.0239 -0.9925 -0.1200
vn -0.7605 0.1722 0.6261
vn -0.3360 -0.2691 -0.9026
vn 0.3360 -0.2691 0.9026
vn 0.3727 -0.0615 0.9259
vn -0.1430 -0.3026 -0.9423
vn -0.0068 0.9999 0.0122
vn 0.1217 -0.0295 -0.9921
vn -0.6445 0.4334 0.6299
vn 0.3081 -0.2063 0.9287
vn 0.0721 -0.0485 -0.9962
vn -0.7222 0.6822 0.1137
vn 0.5808 0.1120 0.8063
vn 0.2585 -0.0517 0.9646
vn -0.1538 -0.6729 -0.7236
vn -0.5805 -0.1122 -0.8065
vn 0.1504 0.6737 0.7236
vn -0.7071 0.7071 -0.0000
vn 0.7187 -0.6849 -0.1199
vn -0.6595 -0.4160 0.6261
vn -0.0473 -0.4278 -0.9026
vn 0.4278 0.0473 0.9026
vn 0.3070 0.2201 0.9259
vn 0.1128 -0.3151 -0.9423
vn -0.7118 0.7022 0.0122
vn 0.1069 0.0652 -0.9921
vn -0.7622 -0.1493 0.6299
vn 0.3637 0.0720 0.9287
vn 0.0853 0.0167 -0.9962
vn 0.1645 -0.9864 -0.0000
vn 0.1260 0.1883 0.9740
vn 0.0441 0.2223 0.9740
vn 0.1260 0.1883 -0.9740
vn -0.1317 -0.1968 -0.9715
vn -0.1317 -0.1968 0.9715
vn -0.3827 -0.9239 -0.0000
vn -0.1429 0.9897 -0.0000
vn 0.0819 0.1977 -0.9768
vn 0.0819 0.1978 0.9768
vn 0.0441 0.2223 -0.9740
vn -0.8138 -0.5812 -0.0000
vn 0.8009 0.5988 -0.0000
vn 0.3314 0.4899 0.8063
vn -0.0460 -0.2323 -0.9715
vn -0.0460 -0.2323 0.9715
vn 0.0046 0.0024 1.0000
vn -0.9931 -0.0283 0.1137
vn 0.3670 -0.5846 -0.7236
vn -0.9999 -0.0028 0.0111
vn -0.3700 0.5827 0.7236
vn -0.3311 -0.4899 -0.8065
vn 0.9925 0.0239 -0.1200
vn -0.2422 0.3501 -0.9049
vn 0.3441 -0.3319 -0.8783
vn 0.2701 0.3385 0.9014
vn -0.0232 0.0381 0.9990
vn 0.1528 -0.7366 -0.6588
vn -0.0763 0.4188 -0.9049
vn 0.4128 -0.6289 -0.6588
vn 0.7324 0.6772 -0.0702
vn -0.4304 0.0484 0.9014
vn -0.0087 -0.4780 -0.8783
vn -0.7385 0.1515 0.6571
vn -0.0280 -0.9952 0.0936
vn 0.3822 -0.2396 0.8925
vn 0.3419 0.2716 -0.8996
vn -0.3308 0.3445 0.8786
vn -0.5533 0.3626 0.7499
vn 0.0422 -0.0133 -0.9990
vn 0.4178 -0.0867 0.9044
vn -0.0121 0.0151 -0.9998
vn -0.7101 -0.6378 0.2984
vn 0.1631 0.3637 0.9171
vn 0.2634 0.0519 -0.9633
vn 0.3504 -0.5567 0.7532
vn -0.2924 0.4526 0.8424
vn -0.0309 0.0295 -0.9991
vn 0.1459 -0.6414 0.7532
vn -0.1133 0.5268 0.8424
vn 0.0010 0.0427 -0.9991
vn 0.9531 0.0511 0.2984
vn -0.3725 0.1418 0.9171
vn -0.2229 -0.1496 -0.9633
vn -0.1008 -0.4397 0.8925
vn 0.1348 0.6476 0.7499
vn -0.0021 0.0192 -0.9998
vn 0.4397 0.1008 0.8925
vn -0.6476 -0.1348 0.7499
vn -0.0192 0.0021 -0.9998
vn -0.0242 -0.9899 0.1399
vn -0.1406 0.3793 0.9145
vn 0.1481 0.2210 -0.9640
vn -0.9005 -0.1470 -0.4091
vn 0.1378 0.0230 0.9902
vn 0.3270 0.0732 -0.9422
vn -0.7407 -0.5328 -0.4091
vn 0.1137 0.0812 0.9902
vn 0.2830 0.1795 -0.9422
vn -0.7080 0.6908 0.1470
vn 0.0965 -0.3054 0.9473
vn 0.2520 -0.0383 -0.9670
vn -0.2848 -0.1484 0.9470
vn 0.1657 0.7493 0.6412
vn -0.0911 -0.4205 0.9027
vn -0.2211 0.1526 -0.9632
vn 0.9957 -0.0087 0.0924
vn -0.0061 -0.0911 -0.9958
vn 0.4346 0.6493 0.6241
vn -0.2074 -0.3127 0.9269
vn -0.0487 -0.0734 -0.9961
vn -0.0964 -0.3063 0.9470
vn -0.4126 0.6470 0.6412
vn 0.2329 -0.3617 0.9027
vn -0.2643 -0.0484 -0.9632
vn 0.7102 0.6979 0.0924
vn 0.0600 -0.0687 -0.9958
vn -0.1518 0.7664 0.6241
vn 0.0745 -0.3678 0.9269
vn 0.0175 -0.0864 -0.9961
vn 0.1484 -0.2848 0.9470
vn -0.7493 0.1657 0.6412
vn 0.4205 -0.0911 0.9027
vn -0.1526 -0.2211 -0.9632
vn 0.0087 0.9957 0.0924
vn 0.0911 -0.0061 -0.9958
vn -0.6493 0.4346 0.6241
vn 0.3127 -0.2074 0.9269
vn 0.0734 -0.0487 -0.9961
vn 0.3063 -0.0964 0.9470
vn -0.6470 -0.4126 0.6412
vn 0.3617 0.2329 0.9027
vn 0.0484 -0.2643 -0.9632
vn -0.6979 0.7102 0.0924
vn 0.0687 0.0600 -0.9958
vn -0.7664 -0.1518 0.6241
vn 0.3678 0.0745 0.9269
vn 0.0864 0.0175 -0.9961
vn -0.0105 0.0433 0.9990
vn -0.9968 -0.0390 -0.0702
vt 0.500000 0.500000
vt 0.700000 0.166667
vt 0.500000 0.166667
vt 0.100000 0.833333
vt 0.300000 0.500000
vt 0.100000 0.500000
vt 0.300000 0.166667
vt 0.300000 0.833333
vt 0.500000 0.833333
vt 0.700000 0.833333
vt 0.700000 0.500000
vt 0.900000 0.500000
vt 0.900000 0.166667
vt 0.900000 0.833333
vt 1.000000 0.333333
vt 1.000000 1.000000
vt 1.000000 0.666667
vt 0.020000 0.166667
vt 0.000000 0.333333
vt 0.020000 0.500000
vt 0.060000 0.833333
vt 0.100000 0.166667
vt 0.020000 0.833333
vt 0.000000 0.000000
vt 0.060000 0.166667
vt 1.000000 0.000000
vt 0.000000 0.666667
vt 0.000000 1.000000
vt 0.140000 0.500000
vt 0.140000 0.166667
vt 0.060000 0.500000
vt 0.140000 0.833333
vt 0.180000 0.166667
vt 0.180000 0.833333
vt 0.180000 0.500000
vt 0.220000 0.500000
vt 0.220000 0.166667
vt 0.220000 0.833333
vt 0.260000 0.166667
vt 0.260000 0.833333
vt 0.260000 0.500000
vt 0.340000 0.166667
vt 0.340000 0.833333
vt 0.340000 0.500000
vt 0.380000 0.166667
vt 0.380000 0.833333
vt 0.380000 0.500000
vt 0.420000 0.500000
vt 0.420000 0.166667
vt 0.420000 0.833333
vt 0.460000 0.166667
vt 0.460000 0.833333
vt 0.460000 0.500000
vt 0.540000 0.166667
vt 0.540000 0.833333
vt 0.540000 0.500000
vt 0.580000 0.166667
vt 0.580000 0.833333
vt 0.580000 0.500000
vt 0.620000 0.166667
vt 0.620000 0.833333
vt 0.620000 0.500000
vt 0.660000 0.166667
vt 0.660000 0.833333
vt 0.660000 0.500000
vt 0.740000 0.500000
vt 0.740000 0.166667
vt 0.740000 0.833333
vt 0.780000 0.500000
vt 0.780000 0.166667
vt 0.780000 0.833333
vt 0.820000 0.166667
vt 0.820000 0.833333
vt 0.820000 0.500000
vt 0.860000 0.166667
vt 0.860000 0.833333
vt 0.860000 0.500000
vt 0.940000 0.500000
vt 0.940000 0.166667
vt 0.940000 0.833333
vt 0.980000 0.166667
vt 0.980000 0.833333
vt 0.980000 0.500000
vt 0.111111 0.166667
vt 0.111111 0.500000
vt 0.250000 0.166667
vt 0.250000 0.500000
vt 0.750000 0.833333
vt 0.750000 0.166667
vt 0.250000 0.833333
vt 0.333333 0.166667
vt 0.555556 0.833333
vt 0.333333 0.833333
vt 0.750000 0.500000
vt 0.111111 0.833333
vt 0.555556 0.166667
vt 0.777778 0.500000
vt 0.777778 0.166667
vt 0.333333 0.500000
vt 0.777778 0.833333
vt 0.555556 0.500000
vt 1.000000 0.166667
vt 1.000000 0.500000
vt 1.000000 0.833333
s 0
usemtl roof
f 11/1/1 13/2/1 10/3/1
f 6/4/2 8/5/2 5/6/2
f 6/4/3 7/7/3 9/8/3
f 12/9/4 13/2/4 15/10/4
f 8/5/5 12/9/5 11/1/5
f 7/7/6 11/1/6 10/3/6
f 12/9/7 14/11/7 11/1/7
f 13/2/8 17/12/8 16/13/8
f 13/2/9 18/14/9 15/10/9
f 14/11/10 18/14/10 17/12/10
f 20/15/11 16/13/11 17/12/11
f 19/16/12 18/14/12 16/13/12
f 21/17/13 17/12/13 18/14/13
f 25/18/14 23/19/14 26/20/14
f 30/21/15 31/22/15 33/4/15
f 27/23/16 22/24/16 25/18/16
f 19/16/17 21/17/17 18/14/17
f 26/20/18 28/25/18 25/18/18
f 21/17/19 20/15/19 17/12/19
f 20/15/20 19/26/20 16/13/20
f 26/20/21 24/27/21 27/23/21
f 23/19/22 24/27/22 26/20/22
f 22/24/23 23/19/23 25/18/23
f 27/23/24 24/27/24 22/28/24
f 31/22/25 35/29/25 34/30/25
f 26/20/26 30/21/26 29/31/26
f 25/18/27 30/21/27 27/23/27
f 33/4/28 34/30/28 36/32/28
f 30/21/29 32/6/29 29/31/29
f 28/25/30 32/6/30 31/22/30
f 33/4/31 35/29/31 32/6/31
f 35/29/32 37/33/32 34/30/32
f 34/30/33 39/34/33 36/32/33
f 35/29/34 39/34/34 38/35/34
f 37/33/35 41/36/35 40/37/35
f 39/34/36 40/37/36 42/38/36
f 39/34/37 41/36/37 38/35/37
f 41/36/38 43/39/38 40/37/38
f 40/37/39 45/40/39 42/38/39
f 41/36/40 45/40/40 44/41/40
f 43/39/41 47/5/41 46/7/41
f 45/40/42 46/7/42 48/8/42
f 45/40/43 47/5/43 44/41/43
f 47/5/44 49/42/44 46/7/44
f 46/7/45 51/43/45 48/8/45
f 47/5/46 51/43/46 50/44/46
f 50/44/47 52/45/47 49/42/47
f 49/42/48 54/46/48 51/43/48
f 51/43/49 53/47/49 50/44/49
f 52/45/50 56/48/50 55/49/50
f 52/45/51 57/50/51 54/46/51
f 54/46/52 56/48/52 53/47/52
f 56/48/53 58/51/53 55/49/53
f 55/49/54 60/52/54 57/50/54
f 57/50/55 59/53/55 56/48/55
f 59/53/56 61/3/56 58/51/56
f 60/52/57 61/3/57 63/9/57
f 60/52/58 62/1/58 59/53/58
f 62/1/59 64/54/59 61/3/59
f 61/3/60 66/55/60 63/9/60
f 63/9/61 65/56/61 62/1/61
f 65/56/62 67/57/62 64/54/62
f 64/54/63 69/58/63 66/55/63
f 65/56/64 69/58/64 68/59/64
f 68/59/65 70/60/65 67/57/65
f 67/57/66 72/61/66 69/58/66
f 68/59/67 72/61/67 71/62/67
f 71/62/68 73/63/68 70/60/68
f 70/60/69 75/64/69 72/61/69
f 72/61/70 74/65/70 71/62/70
f 74/65/71 76/2/71 73/63/71
f 73/63/72 78/10/72 75/64/72
f 75/64/73 77/11/73 74/65/73
f 76/2/74 80/66/74 79/67/74
f 76/2/75 81/68/75 78/10/75
f 78/10/76 80/66/76 77/11/76
f 79/67/77 83/69/77 82/70/77
f 81/68/78 82/70/78 84/71/78
f 81/68/79 83/69/79 80/66/79
f 83/69/80 85/72/80 82/70/80
f 82/70/81 87/73/81 84/71/81
f 83/69/82 87/73/82 86/74/82
f 86/74/83 88/75/83 85/72/83
f 85/72/84 90/76/84 87/73/84
f 86/74/85 90/76/85 89/77/85
f 88/75/86 92/12/86 91/13/86
f 90/76/87 91/13/87 93/14/87
f 90/76/88 92/12/88 89/77/88
f 91/13/89 95/78/89 94/79/89
f 91/13/90 96/80/90 93/14/90
f 92/12/91 96/80/91 95/78/91
f 95/78/92 97/81/92 94/79/92
f 96/80/93 97/81/93 99/82/93
f 96/80/94 98/83/94 95/78/94
f 101/15/95 97/81/95 98/83/95
f 118/84/96 116/19/96 119/85/96
f 100/16/97 99/82/97 97/81/97
f 102/17/98 98/83/98 99/82/98
f 106/86/99 104/19/99 107/87/99
f 112/16/100 111/88/100 109/89/100
f 108/90/101 103/24/101 106/86/101
f 100/16/102 102/17/102 99/82/102
f 107/87/103 109/89/103 106/86/103
f 102/17/104 101/15/104 98/83/104
f 101/15/105 100/26/105 97/81/105
f 107/87/106 105/27/106 108/90/106
f 104/19/107 105/27/107 107/87/107
f 103/24/108 104/19/108 106/86/108
f 108/90/109 105/27/109 103/28/109
f 121/91/110 126/92/110 123/93/110
f 108/90/111 110/94/111 107/87/111
f 106/86/112 111/88/112 108/90/112
f 120/95/113 115/24/113 118/84/113
f 114/17/114 110/94/114 111/88/114
f 113/15/115 109/89/115 110/94/115
f 112/16/116 114/17/116 111/88/116
f 119/85/117 121/91/117 118/84/117
f 114/17/118 113/15/118 110/94/118
f 113/15/119 112/26/119 109/89/119
f 119/85/120 117/27/120 120/95/120
f 116/19/121 117/27/121 119/85/121
f 115/24/122 116/19/122 118/84/122
f 120/95/123 117/27/123 115/28/123
f 124/96/124 128/97/124 127/98/124
f 119/85/125 123/93/125 122/99/125
f 118/84/126 123/93/126 120/95/126
f 126/92/127 127/98/127 129/100/127
f 122/99/128 126/92/128 125/101/128
f 122/99/129 124/96/129 121/91/129
f 126/92/130 128/97/130 125/101/130
f 130/102/131 128/97/131 131/103/131
f 132/104/132 127/98/132 130/102/132
f 128/97/133 132/104/133 131/103/133
f 136/84/134 134/19/134 137/85/134
f 138/95/135 133/24/135 136/84/135
f 139/91/136 144/92/136 141/93/136
f 137/85/137 135/27/137 138/95/137
f 134/19/138 135/27/138 137/85/138
f 133/24/139 134/19/139 136/84/139
f 136/84/140 140/99/140 139/91/140
f 138/95/141 135/27/141 133/28/141
f 142/96/142 146/97/142 145/98/142
f 138/95/143 140/99/143 137/85/143
f 136/84/144 141/93/144 138/95/144
f 144/92/145 145/98/145 147/100/145
f 140/99/146 144/92/146 143/101/146
f 140/99/147 142/96/147 139/91/147
f 144/92/148 146/97/148 143/101/148
f 148/102/149 146/97/149 149/103/149
f 150/104/150 145/98/150 148/102/150
f 146/97/151 150/104/151 149/103/151
f 154/84/152 152/19/152 155/85/152
f 156/95/153 151/24/153 154/84/153
f 157/91/154 162/92/154 159/93/154
f 155/85/155 153/27/155 156/95/155
f 152/19/156 153/27/156 155/85/156
f 151/24/157 152/19/157 154/84/157
f 154/84/158 158/99/158 157/91/158
f 156/95/159 153/27/159 151/28/159
f 160/96/160 164/97/160 163/98/160
f 156/95/161 158/99/161 155/85/161
f 154/84/162 159/93/162 156/95/162
f 162/92/163 163/98/163 165/100/163
f 158/99/164 162/92/164 161/101/164
f 158/99/165 160/96/165 157/91/165
f 162/92/166 164/97/166 161/101/166
f 166/102/167 164/97/167 167/103/167
f 168/104/168 163/98/168 166/102/168
f 164/97/169 168/104/169 167/103/169
f 172/84/170 170/19/170 173/85/170
f 174/95/171 169/24/171 172/84/171
f 175/91/172 180/92/172 177/93/172
f 173/85/173 171/27/173 174/95/173
f 170/19/174 171/27/174 173/85/174
f 169/24/175 170/19/175 172/84/175
f 173/85/176 175/91/176 172/84/176
f 174/95/177 171/27/177 169/28/177
f 178/96/178 182/97/178 181/98/178
f 173/85/179 177/93/179 176/99/179
f 172/84/180 177/93/180 174/95/180
f 180/92/181 181/98/181 183/100/181
f 176/99/182 180/92/182 179/101/182
f 176/99/183 178/96/183 175/91/183
f 180/92/184 182/97/184 179/101/184
f 184/102/185 182/97/185 185/103/185
f 186/104/186 181/98/186 184/102/186
f 182/97/187 186/104/187 185/103/187
f 190/86/188 188/19/188 191/87/188
f 192/90/189 187/24/189 190/86/189
f 196/16/190 195/88/190 193/89/190
f 191/87/191 189/27/191 192/90/191
f 188/19/192 189/27/192 191/87/192
f 187/24/193 188/19/193 190/86/193
f 191/87/194 193/89/194 190/86/194
f 192/90/195 189/27/195 187/28/195
f 191/87/196 195/88/196 194/94/196
f 190/86/197 195/88/197 192/90/197
f 198/17/198 194/94/198 195/88/198
f 197/15/199 193/89/199 194/94/199
f 196/16/200 198/17/200 195/88/200
f 6/4/201 1/24/201 4/22/201
f 198/17/202 197/15/202 194/94/202
f 197/15/203 196/26/203 193/89/203
f 7/7/204 12/9/204 9/8/204
f 4/22/205 2/19/205 5/6/205
f 5/6/206 3/27/206 6/4/206
f 5/6/207 7/7/207 4/22/207
f 1/24/208 2/19/208 4/22/208
f 2/19/209 3/27/209 5/6/209
f 6/4/210 3/27/210 1/28/210
f 11/1/211 14/11/211 13/2/211
f 6/4/212 9/8/212 8/5/212
f 6/4/213 4/22/213 7/7/213
f 12/9/214 10/3/214 13/2/214
f 8/5/215 9/8/215 12/9/215
f 7/7/216 8/5/216 11/1/216
f 12/9/217 15/10/217 14/11/217
f 13/2/218 14/11/218 17/12/218
f 13/2/219 16/13/219 18/14/219
f 14/11/220 15/10/220 18/14/220
f 30/21/221 28/25/221 31/22/221
f 26/20/222 29/31/222 28/25/222
f 31/22/223 32/6/223 35/29/223
f 26/20/224 27/23/224 30/21/224
f 25/18/225 28/25/225 30/21/225
f 33/4/226 31/22/226 34/30/226
f 30/21/227 33/4/227 32/6/227
f 28/25/228 29/31/228 32/6/228
f 33/4/229 36/32/229 35/29/229
f 35/29/230 38/35/230 37/33/230
f 34/30/231 37/33/231 39/34/231
f 35/29/232 36/32/232 39/34/232
f 37/33/233 38/35/233 41/36/233
f 39/34/234 37/33/234 40/37/234
f 39/34/235 42/38/235 41/36/235
f 41/36/236 44/41/236 43/39/236
f 40/37/237 43/39/237 45/40/237
f 41/36/238 42/38/238 45/40/238
f 43/39/239 44/41/239 47/5/239
f 45/40/240 43/39/240 46/7/240
f 45/40/241 48/8/241 47/5/241
f 47/5/242 50/44/242 49/42/242
f 46/7/243 49/42/243 51/43/243
f 47/5/244 48/8/244 51/43/244
f 50/44/47 53/47/47 52/45/47
f 49/42/48 52/45/48 54/46/48
f 51/43/49 54/46/49 53/47/49
f 52/45/50 53/47/50 56/48/50
f 52/45/51 55/49/51 57/50/51
f 54/46/52 57/50/52 56/48/52
f 56/48/53 59/53/53 58/51/53
f 55/49/54 58/51/54 60/52/54
f 57/50/55 60/52/55 59/53/55
f 59/53/56 62/1/56 61/3/56
f 60/52/57 58/51/57 61/3/57
f 60/52/58 63/9/58 62/1/58
f 62/1/59 65/56/59 64/54/59
f 61/3/60 64/54/60 66/55/60
f 63/9/61 66/55/61 65/56/61
f 65/56/62 68/59/62 67/57/62
f 64/54/63 67/57/63 69/58/63
f 65/56/64 66/55/64 69/58/64
f 68/59/65 71/62/65 70/60/65
f 67/57/66 70/60/66 72/61/66
f 68/59/67 69/58/67 72/61/67
f 71/62/68 74/65/68 73/63/68
f 70/60/69 73/63/69 75/64/69
f 72/61/70 75/64/70 74/65/70
f 74/65/71 77/11/71 76/2/71
f 73/63/72 76/2/72 78/10/72
f 75/64/73 78/10/73 77/11/73
f 76/2/74 77/11/74 80/66/74
f 76/2/75 79/67/75 81/68/75
f 78/10/76 81/68/76 80/66/76
f 79/67/245 80/66/245 83/69/245
f 81/68/246 79/67/246 82/70/246
f 81/68/247 84/71/247 83/69/247
f 83/69/248 86/74/248 85/72/248
f 82/70/249 85/72/249 87/73/249
f 83/69/250 84/71/250 87/73/250
f 86/74/251 89/77/251 88/75/251
f 85/72/252 88/75/252 90/76/252
f 86/74/253 87/73/253 90/76/253
f 88/75/254 89/77/254 92/12/254
f 90/76/255 88/75/255 91/13/255
f 90/76/256 93/14/256 92/12/256
f 91/13/257 92/12/257 95/78/257
f 91/13/258 94/79/258 96/80/258
f 92/12/259 93/14/259 96/80/259
f 95/78/92 98/83/92 97/81/92
f 96/80/93 94/79/93 97/81/93
f 96/80/94 99/82/94 98/83/94
f 107/87/103 110/94/103 109/89/103
f 121/91/260 124/96/260 126/92/260
f 108/90/111 111/88/111 110/94/111
f 106/86/112 109/89/112 111/88/112
f 119/85/117 122/99/117 121/91/117
f 124/96/261 125/101/261 128/97/261
f 119/85/125 120/95/125 123/93/125
f 118/84/126 121/91/126 123/93/126
f 126/92/262 124/96/262 127/98/262
f 122/99/263 123/93/263 126/92/263
f 122/99/264 125/101/264 124/96/264
f 126/92/265 129/100/265 128/97/265
f 130/102/266 127/98/266 128/97/266
f 132/104/267 129/100/267 127/98/267
f 128/97/268 129/100/268 132/104/268
f 139/91/269 142/96/269 144/92/269
f 136/84/140 137/85/140 140/99/140
f 142/96/270 143/101/270 146/97/270
f 138/95/143 141/93/143 140/99/143
f 136/84/144 139/91/144 141/93/144
f 144/92/271 142/96/271 145/98/271
f 140/99/272 141/93/272 144/92/272
f 140/99/273 143/101/273 142/96/273
f 144/92/274 147/100/274 146/97/274
f 148/102/275 145/98/275 146/97/275
f 150/104/276 147/100/276 145/98/276
f 146/97/277 147/100/277 150/104/277
f 157/91/278 160/96/278 162/92/278
f 154/84/158 155/85/158 158/99/158
f 160/96/279 161/101/279 164/97/279
f 156/95/161 159/93/161 158/99/161
f 154/84/162 157/91/162 159/93/162
f 162/92/280 160/96/280 163/98/280
f 158/99/281 159/93/281 162/92/281
f 158/99/282 161/101/282 160/96/282
f 162/92/283 165/100/283 164/97/283
f 166/102/284 163/98/284 164/97/284
f 168/104/285 165/100/285 163/98/285
f 164/97/286 165/100/286 168/104/286
f 175/91/287 178/96/287 180/92/287
f 173/85/176 176/99/176 175/91/176
f 178/96/288 179/101/288 182/97/288
f 173/85/179 174/95/179 177/93/179
f 172/84/180 175/91/180 177/93/180
f 180/92/289 178/96/289 181/98/289
f 176/99/290 177/93/290 180/92/290
f 176/99/291 179/101/291 178/96/291
f 180/92/292 183/100/292 182/97/292
f 184/102/293 181/98/293 182/97/293
f 186/104/294 183/100/294 181/98/294
f 182/97/295 183/100/295 186/104/295
f 191/87/194 194/94/194 193/89/194
f 191/87/196 192/90/196 195/88/196
f 190/86/197 193/89/197 195/88/197
f 7/7/296 10/3/296 12/9/296
f 5/6/297 8/5/297 7/7/297
o walls
v -24.427071 24.427067 -0.257666
v 28.723194 19.192228 -0.257666
v -19.192240 28.723186 -0.257666
v -13.219852 31.915503 -0.257666
v 31.915506 13.219840 -0.257666
v -6.739432 33.881317 -0.257666
v 33.881321 6.739419 -0.257666
v 6.739397 33.881325 -0.257666
v 33.881325 -6.739410 -0.257666
v 13.219824 31.915514 -0.257666
v 31.915510 -13.219836 -0.257666
v 28.723202 -19.192226 -0.257666
v 19.192215 28.723206 -0.257666
v 24.427074 -24.427071 -0.257666
v 24.427063 24.427082 -0.257666
v -23.202112 23.202105 17.133972
v 27.282793 18.229780 17.133972
v -18.229792 27.282785 17.133972
v -12.556909 30.315012 17.133972
v 30.315016 12.556896 17.133972
v -6.401464 32.182243 17.133972
v 32.182247 6.401451 17.133972
v 32.812740 0.000003 17.133972
v -0.000016 32.812737 17.133972
v 6.401432 32.182251 17.133972
v 32.182251 -6.401444 17.133972
v 12.556878 30.315023 17.133972
v 30.315023 -12.556890 17.133972
v 18.229769 27.282804 17.133972
v 27.282801 -18.229778 17.133972
v 23.202103 23.202122 17.133972
v 23.202116 -23.202110 17.133972
v -24.427071 24.427067 17.133972
v 24.427071 24.427074 17.133972
v 28.723194 19.192228 17.133972
v -19.192240 28.723186 17.133972
v -13.219852 31.915503 17.133972
v 31.915506 13.219840 17.133972
v -6.739432 33.881317 17.133972
v 33.881321 6.739419 17.133972
v 34.545097 0.000004 17.133972
v -0.000017 34.545097 17.133972
v 33.881325 -6.739410 17.133972
v 6.739397 33.881325 17.133972
v 31.915510 -13.219836 17.133972
v 13.219824 31.915514 17.133972
v 28.723202 -19.192226 17.133972
v 19.192215 28.723206 17.133972
v 24.427074 -24.427071 17.133972
v -23.202112 23.202105 18.170689
v -18.229792 27.282785 18.170689
v 27.282793 18.229780 18.170689
v 30.315016 12.556896 18.170689
v -12.556909 30.315012 18.170689
v 32.182247 6.401451 18.170689
v -6.401464 32.182243 18.170689
v 32.812740 0.000003 18.170689
v -0.000016 32.812737 18.170689
v 32.182251 -6.401444 18.170689
v 6.401432 32.182251 18.170689
v 12.556878 30.315023 18.170689
v 30.315023 -12.556890 18.170689
v 18.229769 27.282804 18.170689
v 27.282801 -18.229778 18.170689
v 23.202116 -23.202110 18.170689
v 23.202103 23.202122 18.170689
v -9.802408 9.802406 20.003044
v -10.406180 10.406179 19.067940
v -7.701709 11.526409 20.003044
v 11.526412 7.701705 20.003044
v -8.176086 12.236373 19.067940
v 12.236375 8.176083 19.067940
v 12.807463 5.305027 20.003044
v -5.305031 12.807461 20.003044
v 13.596331 5.631783 19.067940
v -5.631788 13.596329 19.067940
v 13.596331 2.704480 20.003044
v -2.704485 13.596330 20.003044
v 14.433787 2.871058 19.067940
v -2.871063 14.433786 19.067940
v 13.862699 0.000002 20.003044
v -0.000007 13.862699 20.003044
v -0.000003 14.716561 19.067940
v 14.716561 -0.000002 19.067940
v 2.704471 13.596331 20.003044
v 13.596330 -2.704476 20.003044
v 14.433785 -2.871060 19.067940
v 2.871055 14.433786 19.067940
v 12.807464 -5.305022 20.003044
v 5.305018 12.807466 20.003044
v 13.596329 -5.631786 19.067940
v 5.631781 13.596331 19.067940
v 7.701696 11.526416 20.003044
v 11.526414 -7.701700 20.003044
v 8.176081 12.236375 19.067940
v 12.236372 -8.176084 19.067940
v 9.802406 -9.802404 20.003044
v 9.802402 9.802411 20.003044
v 10.406177 10.406180 19.067940
v 10.406178 -10.406178 19.067940
v 10.594277 10.594273 18.170689
v -10.594275 10.594274 18.170689
v 12.457552 8.323865 18.170689
v -8.323870 12.457550 18.170689
v -5.733582 13.842087 18.170689
v 13.842089 5.733577 18.170689
v 14.694681 2.922950 18.170689
v -2.922955 14.694681 18.170689
v 14.982567 -0.000004 18.170689
v -0.000001 14.982567 18.170689
v 2.922953 14.694680 18.170689
v 14.694679 -2.922958 18.170689
v 13.842085 -5.733584 18.170689
v 5.733579 13.842086 18.170689
v 12.457545 -8.323872 18.170689
v 8.323867 12.457548 18.170689
v 10.594274 -10.594271 18.170689
v -12.071020 12.071017 20.003044
v 12.071016 12.071022 20.003044
v -9.484145 14.194012 20.003044
v 14.194015 9.484140 20.003044
v 15.771544 6.532791 20.003044
v -6.532796 15.771542 20.003044
v -3.330395 16.742981 20.003044
v 16.742983 3.330389 20.003044
v -0.000008 17.070997 20.003044
v 17.070997 0.000002 20.003044
v 3.330378 16.742985 20.003044
v 16.742983 -3.330384 20.003044
v 6.532780 15.771547 20.003044
v 15.771545 -6.532785 20.003044
v 9.484131 14.194021 20.003044
v 14.194018 -9.484136 20.003044
v 12.071017 -12.071015 20.003044
v -0.000017 34.545097 12.301899
v 34.545097 0.000004 12.301899
v -6.739436 41.850674 -0.257666
v 41.850677 6.739420 -0.257666
v -0.000021 41.850677 -0.257666
v 6.739394 41.850681 -0.257666
v 41.850681 -6.739409 -0.257666
v -0.000021 41.850677 12.301899
v 41.850681 0.000005 12.301899
v -19.192225 -28.723198 -0.257666
v -28.723188 19.192230 -0.257666
v -31.915503 13.219842 -0.257666
v -13.219833 -31.915506 -0.257666
v -33.881317 6.739420 -0.257666
v -6.739412 -33.881325 -0.257666
v -33.881321 -6.739406 -0.257666
v 6.739415 -33.881321 -0.257666
v -31.915510 -13.219831 -0.257666
v 13.219840 -31.915510 -0.257666
v 19.192228 -28.723196 -0.257666
v -28.723200 -19.192221 -0.257666
v -24.427076 -24.427067 -0.257666
v -18.229774 -27.282801 17.133972
v -27.282791 18.229782 17.133972
v -30.315012 12.556898 17.133972
v -12.556890 -30.315020 17.133972
v -32.182247 6.401453 17.133972
v -6.401445 -32.182251 17.133972
v 0.000002 -32.812740 17.133972
v -32.812737 0.000006 17.133972
v -32.182247 -6.401442 17.133972
v 6.401450 -32.182247 17.133972
v -30.315020 -12.556888 17.133972
v 12.556895 -30.315020 17.133972
v -27.282797 -18.229774 17.133972
v 18.229782 -27.282793 17.133972
v -23.202114 -23.202106 17.133972
v -24.427071 -24.427074 17.133972
v -19.192225 -28.723198 17.133972
v -28.723188 19.192230 17.133972
v -31.915503 13.219842 17.133972
v -13.219833 -31.915506 17.133972
v -33.881317 6.739420 17.133972
v -6.739412 -33.881325 17.133972
v 0.000002 -34.545097 17.133972
v -34.545094 0.000007 17.133972
v 6.739415 -33.881321 17.133972
v -33.881321 -6.739406 17.133972
v 13.219840 -31.915510 17.133972
v -31.915510 -13.219831 17.133972
v 19.192228 -28.723196 17.133972
v -28.723200 -19.192221 17.133972
v -27.282791 18.229782 18.170689
v -18.229774 -27.282801 18.170689
v -12.556890 -30.315020 18.170689
v -30.315012 12.556898 18.170689
v -6.401445 -32.182251 18.170689
v -32.182247 6.401453 18.170689
v 0.000002 -32.812740 18.170689
v -32.812737 0.000006 18.170689
v 6.401450 -32.182247 18.170689
v -32.182247 -6.401442 18.170689
v -30.315020 -12.556888 18.170689
v 12.556895 -30.315020 18.170689
v -27.282797 -18.229774 18.170689
v 18.229782 -27.282793 18.170689
v -23.202114 -23.202106 18.170689
v -11.526411 7.701705 20.003044
v -7.701702 -11.526414 20.003044
v -12.236373 8.176083 19.067940
v -8.176080 -12.236376 19.067940
v -5.305024 -12.807464 20.003044
v -12.807463 5.305027 20.003044
v -5.631781 -13.596332 19.067940
v -13.596330 5.631784 19.067940
v -2.704477 -13.596330 20.003044
v -13.596330 2.704481 20.003044
v -2.871054 -14.433787 19.067940
v -14.433786 2.871059 19.067940
v 0.000001 -13.862698 20.003044
v -13.862698 0.000003 20.003044
v -14.716560 -0.000000 19.067940
v 0.000005 -14.716560 19.067940
v -13.596330 -2.704475 20.003044
v 2.704479 -13.596329 20.003044
v 2.871063 -14.433784 19.067940
v -14.433785 -2.871059 19.067940
v 5.305024 -12.807461 20.003044
v -12.807463 -5.305021 20.003044
v 5.631788 -13.596326 19.067940
v -13.596328 -5.631784 19.067940
v -11.526413 -7.701698 20.003044
v 7.701701 -11.526410 20.003044
v -12.236373 -8.176082 19.067940
v 8.176085 -12.236370 19.067940
v -9.802408 -9.802403 20.003044
v -10.406178 -10.406177 19.067940
v -10.594270 -10.594278 18.170689
v -8.323862 -12.457553 18.170689
v -12.457550 8.323866 18.170689
v -13.842087 5.733578 18.170689
v -5.733574 -13.842089 18.170689
v -2.922947 -14.694681 18.170689
v -14.694680 2.922951 18.170689
v 0.000007 -14.982566 18.170689
v -14.982566 -0.000003 18.170689
v -14.694679 -2.922956 18.170689
v 2.922961 -14.694678 18.170689
v 5.733586 -13.842082 18.170689
v -13.842084 -5.733582 18.170689
v 8.323874 -12.457543 18.170689
v -12.457546 -8.323869 18.170689
v -12.071018 -12.071018 20.003044
v -14.194014 9.484141 20.003044
v -9.484138 -14.194016 20.003044
v -6.532787 -15.771542 20.003044
v -15.771541 6.532792 20.003044
v -16.742981 3.330391 20.003044
v -3.330385 -16.742983 20.003044
v -17.070995 0.000004 20.003044
v 0.000001 -17.070995 20.003044
v -16.742981 -3.330382 20.003044
v 3.330387 -16.742979 20.003044
v -15.771545 -6.532784 20.003044
v 6.532788 -15.771544 20.003044
v -14.194017 -9.484133 20.003044
v 9.484137 -14.194015 20.003044
v -34.545094 0.000007 12.301899
v 0.000002 -34.545097 12.301899
v -37.884499 6.739423 -0.257666
v -6.739411 -41.850681 -0.257666
v 0.000003 -41.850677 -0.257666
v -37.884499 -6.739406 -0.257666
v 6.739417 -41.850677 -0.257666
v -37.884499 0.000009 12.301899
v 0.000003 -41.850677 12.301899
v -12.332911 12.332909 19.524103
v 12.332908 12.332913 19.524103
v -9.689912 14.501964 19.524103
v 14.501966 9.689907 19.524103
v 16.113720 6.674526 19.524103
v -6.674531 16.113718 19.524103
v -3.402651 17.106234 19.524103
v 17.106236 3.402645 19.524103
v -0.000009 17.441366 19.524103
v 17.441366 0.000002 19.524103
v 3.402634 17.106237 19.524103
v 17.106236 -3.402640 19.524103
v 6.674513 16.113726 19.524103
v 16.113724 -6.674519 19.524103
v 9.689898 14.501972 19.524103
v 14.501969 -9.689901 19.524103
v 12.332909 -12.332906 19.524103
v -12.332910 -12.332910 19.524103
v -14.501965 9.689908 19.524103
v -9.689903 -14.501967 19.524103
v -6.674521 -16.113720 19.524103
v -16.113718 6.674526 19.524103
v -17.106234 3.402646 19.524103
v -3.402641 -17.106236 19.524103
v -17.441364 0.000004 19.524103
v 0.000001 -17.441364 19.524103
v -17.106234 -3.402638 19.524103
v 3.402643 -17.106232 19.524103
v -16.113722 -6.674518 19.524103
v 6.674522 -16.113720 19.524103
v -14.501969 -9.689899 19.524103
v 9.689903 -14.501966 19.524103
v -12.332911 12.332909 18.401701
v 12.332908 12.332913 18.401701
v -9.689912 14.501964 18.401701
v 14.501966 9.689907 18.401701
v 16.113720 6.674526 18.401701
v -6.674531 16.113718 18.401701
v -3.402651 17.106234 18.401701
v 17.106236 3.402645 18.401701
v -0.000009 17.441366 18.401701
v 17.441366 0.000002 18.401701
v 3.402634 17.106237 18.401701
v 17.106236 -3.402640 18.401701
v 6.674513 16.113726 18.401701
v 16.113724 -6.674519 18.401701
v 9.689898 14.501972 18.401701
v 14.501969 -9.689901 18.401701
v 12.332909 -12.332906 18.401701
v -12.332910 -12.332910 18.401701
v -14.501965 9.689908 18.401701
v -9.689903 -14.501967 18.401701
v -6.674521 -16.113720 18.401701
v -16.113718 6.674526 18.401701
v -17.106234 3.402646 18.401701
v -3.402641 -17.106236 18.401701
v -17.441364 0.000004 18.401701
v 0.000001 -17.441364 18.401701
v -17.106234 -3.402638 18.401701
v 3.402643 -17.106232 18.401701
v -16.113722 -6.674518 18.401701
v 6.674522 -16.113720 18.401701
v -14.501969 -9.689899 18.401701
v 9.689903 -14.501966 18.401701
v -6.739432 33.881317 7.217734
v -1.655267 34.382069 12.301899
v -6.739432 33.881317 17.133923
v -6.352423 33.919434 9.163359
v -5.250315 34.027985 10.812780
v -3.600893 34.190441 11.914889
v 33.881321 6.739419 7.217734
v 34.382069 1.655254 12.301899
v 33.881321 6.739419 17.133923
v 33.919437 6.352409 9.163359
v 34.027985 5.250301 10.812780
v 34.190441 3.600879 11.914889
v 34.382069 -1.655245 12.301899
v 33.881325 -6.739410 7.217734
v 33.881325 -6.739410 17.133923
v 34.190441 -3.600871 11.914889
v 34.027992 -5.250292 10.812780
v 33.919441 -6.352401 9.163359
v 1.655232 34.382069 12.301899
v 6.739397 33.881325 7.217734
v 6.739397 33.881325 17.133923
v 3.600858 34.190441 11.914889
v 5.250279 34.027992 10.812780
v 6.352387 33.919441 9.163359
v -1.655271 41.850677 12.301899
v -6.739436 41.850674 7.217734
v -3.600897 41.850677 11.914889
v -5.250319 41.850674 10.812780
v -6.352427 41.850674 9.163359
v 41.850681 1.655256 12.301899
v 41.850677 6.739420 7.217734
v 41.850681 3.600881 11.914889
v 41.850677 5.250303 10.812780
v 41.850677 6.352411 9.163359
v 6.739394 41.850681 7.217734
v 1.655229 41.850677 12.301899
v 6.352385 41.850681 9.163359
v 5.250277 41.850681 10.812780
v 3.600855 41.850677 11.914889
v 41.850681 -6.739409 7.217734
v 41.850681 -1.655245 12.301899
v 41.850681 -6.352400 9.163359
v 41.850681 -5.250292 10.812780
v 41.850681 -3.600870 11.914889
v -34.382065 1.655256 12.301899
v -33.881317 6.739420 7.217734
v -33.881317 6.739420 17.133923
v -34.190437 3.600881 11.914889
v -34.027985 5.250303 10.812780
v -33.919434 6.352411 9.163359
v -1.655247 -34.382069 12.301899
v -6.739412 -33.881325 7.217734
v -6.739412 -33.881325 17.133923
v -3.600873 -34.190441 11.914889
v -5.250295 -34.027992 10.812780
v -6.352403 -33.919441 9.163359
v 6.739415 -33.881321 7.217734
v 1.655250 -34.382069 12.301899
v 6.739415 -33.881321 17.133923
v 6.352406 -33.919437 9.163359
v 5.250298 -34.027985 10.812780
v 3.600876 -34.190441 11.914889
v -33.881321 -6.739406 7.217734
v -34.382069 -1.655241 12.301899
v -33.881321 -6.739406 17.133923
v -33.919437 -6.352397 9.163359
v -34.027985 -5.250288 10.812780
v -34.190441 -3.600867 11.914889
v -37.884499 6.739423 7.217734
v -37.884499 1.655259 12.301899
v -37.884499 6.352414 9.163359
v -37.884499 5.250306 10.812780
v -37.884499 3.600884 11.914889
v -6.739411 -41.850681 7.217734
v -1.655247 -41.850677 12.301899
v -6.352402 -41.850681 9.163359
v -5.250294 -41.850681 10.812780
v -3.600872 -41.850677 11.914889
v -37.884499 -1.655241 12.301899
v -37.884499 -6.739406 7.217734
v -37.884499 -3.600866 11.914889
v -37.884499 -5.250288 10.812780
v -37.884499 -6.352396 9.163359
v 1.655253 -41.850677 12.301899
v 6.739417 -41.850677 7.217734
v 3.600878 -41.850677 11.914889
v 5.250299 -41.850677 10.812780
v 6.352407 -41.850677 9.163359
v -37.884499 7.324456 -0.774415
v -37.884499 -7.324439 -0.774415
v -37.884499 0.000009 12.875419
v -37.884499 7.324456 7.349909
v -37.884499 1.798947 12.875419
v -37.884499 6.903852 9.464429
v -37.884499 5.706071 11.257032
v -37.884502 3.913468 12.454813
v -37.884499 -1.798930 12.875419
v -37.884499 -7.324439 7.349909
v -37.884495 -3.913450 12.454813
v -37.884499 -5.706054 11.257032
v -37.884499 -6.903834 9.464429
v -34.856419 7.324456 -0.774415
v -34.856419 -7.324439 -0.774415
v -34.856419 0.000009 12.875419
v -34.856419 7.324456 7.349909
v -34.856419 1.798947 12.875419
v -34.856419 6.903852 9.464429
v -34.856419 5.706071 11.257032
v -34.856422 3.913468 12.454813
v -34.856419 -1.798930 12.875419
v -34.856419 -7.324439 7.349909
v -34.856415 -3.913450 12.454813
v -34.856419 -5.706054 11.257032
v -34.856419 -6.903834 9.464429
vn -0.0000 -0.0000 -1.0000
vn 0.4695 -0.5721 -0.6725
vn 0.6085 -0.7414 -0.2830
vn 0.3489 -0.6527 -0.6725
vn 0.4521 -0.8459 -0.2830
vn 0.2148 -0.7082 -0.6725
vn 0.2784 -0.9178 -0.2830
vn 0.0725 -0.7365 -0.6725
vn 0.0940 -0.9545 -0.2830
vn -0.0725 -0.7365 -0.6725
vn -0.0940 -0.9545 -0.2830
vn -0.2148 -0.7082 -0.6725
vn -0.2784 -0.9178 -0.2830
vn -0.3489 -0.6527 -0.6725
vn -0.4521 -0.8459 -0.2830
vn -0.6085 -0.7414 -0.2830
vn -0.4695 -0.5721 -0.6725
vn 0.6344 -0.7730 -0.0000
vn 0.4714 -0.8819 -0.0000
vn 1.0000 -0.0000 -0.0000
vn -0.6060 -0.7954 -0.0000
vn -1.0000 -0.0000 -0.0000
vn -0.4714 -0.8819 -0.0000
vn -0.6344 -0.7730 -0.0000
vn 0.2903 -0.9569 -0.0000
vn 0.0980 -0.9952 -0.0000
vn -0.0980 -0.9952 -0.0000
vn -0.2903 -0.9569 -0.0000
vn -0.0000 -0.0000 1.0000
vn -0.0000 -1.0000 -0.0000
vn -0.9952 -0.0980 -0.0000
vn -0.5721 -0.4695 -0.6725
vn -0.7414 -0.6085 -0.2830
vn -0.6527 -0.3489 -0.6725
vn -0.8459 -0.4521 -0.2830
vn -0.7082 -0.2148 -0.6725
vn -0.9178 -0.2784 -0.2830
vn -0.7365 -0.0725 -0.6725
vn -0.9545 -0.0940 -0.2830
vn -0.7365 0.0725 -0.6725
vn -0.9545 0.0940 -0.2830
vn -0.7082 0.2148 -0.6725
vn -0.9178 0.2784 -0.2830
vn -0.6527 0.3489 -0.6725
vn -0.8459 0.4521 -0.2830
vn -0.7414 0.6085 -0.2830
vn -0.5721 0.4695 -0.6725
vn -0.7730 -0.6344 -0.0000
vn -0.8819 -0.4714 -0.0000
vn -0.9590 0.2833 -0.0000
vn -0.0000 1.0000 -0.0000
vn -0.8819 0.4714 -0.0000
vn -0.7730 0.6344 -0.0000
vn -0.9569 -0.2903 -0.0000
vn -0.9952 0.0980 -0.0000
vn -0.9569 0.2903 -0.0000
vn 0.9952 -0.0980 -0.0000
vn 0.5721 -0.4695 -0.6725
vn 0.7414 -0.6085 -0.2830
vn 0.6527 -0.3489 -0.6725
vn 0.8459 -0.4521 -0.2830
vn 0.7082 -0.2148 -0.6725
vn 0.9178 -0.2784 -0.2830
vn 0.7365 -0.0725 -0.6725
vn 0.9545 -0.0940 -0.2830
vn 0.7365 0.0725 -0.6725
vn 0.9545 0.0940 -0.2830
vn 0.7082 0.2148 -0.6725
vn 0.9178 0.2784 -0.2830
vn 0.6527 0.3489 -0.6725
vn 0.8459 0.4521 -0.2830
vn 0.7414 0.6085 -0.2830
vn 0.5721 0.4695 -0.6725
vn 0.7730 -0.6344 -0.0000
vn 0.8819 -0.4714 -0.0000
vn 0.9569 -0.2903 -0.0000
vn 0.9569 0.2903 -0.0000
vn 0.8819 0.4714 -0.0000
vn 0.7730 0.6344 -0.0000
vn 0.9952 0.0980 -0.0000
vn 0.0980 0.9952 -0.0000
vn 0.4695 0.5721 -0.6725
vn 0.6085 0.7414 -0.2830
vn 0.3489 0.6527 -0.6725
vn 0.4521 0.8459 -0.2830
vn 0.2148 0.7082 -0.6725
vn 0.2784 0.9178 -0.2830
vn 0.0725 0.7365 -0.6725
vn 0.0940 0.9545 -0.2830
vn -0.0725 0.7365 -0.6725
vn -0.0940 0.9545 -0.2830
vn -0.2148 0.7082 -0.6725
vn -0.2784 0.9178 -0.2830
vn -0.3489 0.6527 -0.6725
vn -0.4521 0.8459 -0.2830
vn -0.6085 0.7414 -0.2830
vn -0.4695 0.5721 -0.6725
vn 0.6344 0.7730 -0.0000
vn 0.4714 0.8819 -0.0000
vn 0.2903 0.9569 -0.0000
vn -0.2903 0.9569 -0.0000
vn -0.4714 0.8819 -0.0000
vn -0.6344 0.7730 -0.0000
vn -0.0980 0.9952 -0.0000
vn -0.6126 -0.5028 0.6099
vn 0.5027 -0.6126 0.6099
vn -0.2300 0.7584 0.6099
vn -0.7887 -0.0777 0.6099
vn 0.7584 0.2300 0.6099
vn 0.2300 -0.7584 0.6099
vn -0.5027 -0.6126 0.6099
vn 0.2300 0.7584 0.6099
vn 0.5027 0.6126 0.6099
vn -0.0777 -0.7887 0.6099
vn -0.7584 0.2300 0.6099
vn 0.6126 -0.5028 0.6099
vn 0.3736 -0.6989 0.6099
vn -0.3736 -0.6989 0.6099
vn -0.5028 0.6126 0.6099
vn 0.7584 -0.2300 0.6099
vn -0.0777 0.7887 0.6099
vn -0.7584 -0.2300 0.6099
vn 0.6126 0.5027 0.6099
vn 0.3736 0.6989 0.6099
vn 0.6989 0.3736 0.6099
vn -0.3736 0.6989 0.6099
vn -0.6126 0.5028 0.6099
vn 0.0777 -0.7887 0.6099
vn 0.7887 0.0777 0.6099
vn -0.7887 0.0777 0.6099
vn 0.6989 -0.3736 0.6099
vn -0.6989 -0.3736 0.6099
vn 0.7887 -0.0777 0.6099
vn 0.0777 0.7887 0.6099
vn -0.2300 -0.7584 0.6099
vn -0.6989 0.3736 0.6099
vn -0.1951 -0.0000 -0.9808
vn -0.5556 -0.0000 -0.8315
vn -0.8315 -0.0000 -0.5556
vn -0.9808 -0.0000 -0.1951
vn 0.9808 -0.0000 -0.1951
vn 0.8315 -0.0000 -0.5556
vn 0.5556 -0.0000 -0.8315
vn 0.1951 -0.0000 -0.9808
vn -0.0000 0.1951 -0.9808
vn -0.0000 0.5556 -0.8315
vn -0.0000 0.8315 -0.5556
vn -0.0000 0.9808 -0.1951
vn -0.0000 -0.9808 -0.1951
vn -0.0000 -0.8315 -0.5556
vn -0.0000 -0.5556 -0.8315
vn -0.0000 -0.1951 -0.9808
vn -0.0000 0.5556 0.8315
vn -0.0000 -0.5556 0.8315
vn -0.0000 0.8315 0.5556
vn -0.0000 -0.1951 0.9808
vn -0.0000 -0.9808 0.1951
vn -0.0000 0.9808 0.1951
vn -0.0000 0.1951 0.9808
vn -0.0000 -0.8315 0.5556
vn 0.6060 -0.7954 -0.0000
vn -0.1100 -0.9939 -0.0000
vn -0.9545 -0.2983 -0.0000
vn 0.9953 -0.0966 -0.0000
vn -0.9951 0.0992 -0.0000
vn 0.9519 -0.3064 -0.0000
vn 0.9555 0.2949 -0.0000
vn 0.0976 0.9952 -0.0000
vn 0.9948 0.1022 -0.0000
vn 0.5032 0.8642 -0.0000
vn -0.2789 0.9603 -0.0000
vn -0.0976 0.9952 -0.0000
vn -0.6126 -0.5027 0.6099
vn -0.5028 -0.6126 0.6099
vn 0.6126 -0.5027 0.6099
vn -0.5027 0.6126 0.6099
vn -0.6126 0.5027 0.6099
vn 0.1240 -0.9923 -0.0000
vt 0.000000 0.504835
vt 0.526416 0.294474
vt 0.968750 0.504835
vt 0.526416 0.205526
vt 0.031250 0.504835
vt 0.062500 0.504835
vt 0.560454 0.376650
vt 0.875000 0.504835
vt 0.906250 0.504835
vt 0.539388 0.337238
vt 0.937500 0.504835
vt 0.093750 0.504835
vt 0.125000 0.504835
vt 0.588805 0.088805
vt 0.560454 0.123350
vt 0.539388 0.162762
vt 0.522035 0.250000
vt 0.125000 0.562500
vt 0.093750 0.625000
vt 0.125000 0.625000
vt 0.093750 0.562500
vt 0.062500 0.625000
vt 0.062500 0.562500
vt 0.031250 0.625000
vt 0.031250 0.562500
vt 0.000000 0.625000
vt 0.000000 0.562500
vt 1.000000 0.562500
vt 0.968750 0.625000
vt 1.000000 0.625000
vt 1.000000 0.504835
vt 0.968750 0.562500
vt 0.937500 0.625000
vt 0.937500 0.562500
vt 0.906250 0.625000
vt 0.906250 0.562500
vt 0.875000 0.562500
vt 0.875000 0.625000
vt 0.550447 0.116663
vt 0.580294 0.080294
vt 0.528269 0.158156
vt 0.514612 0.203178
vt 0.511133 0.238500
vt 0.510000 0.250000
vt 0.514612 0.296822
vt 0.528269 0.341844
vt 0.550447 0.383337
vt 0.580294 0.419706
vt 0.588805 0.411195
vt 0.514272 0.206627
vt 0.511133 0.261500
vt 0.511133 0.238500
vt 0.511133 0.261500
vt 0.522740 0.176381
vt 0.514523 0.295925
vt 0.512464 0.275017
vt 0.510142 0.251443
vt 0.511152 0.261700
vt 0.514065 0.208730
vt 0.514611 0.203179
vt 0.520140 0.315047
vt 0.510000 0.250000
vt 0.514612 0.203178
vt 0.507005 0.280412
vt 0.514981 0.300572
vt 0.512464 0.275017
vt 0.513593 0.286476
vt 0.514347 0.294133
vt 0.512464 0.224983
vt 0.513593 0.213524
vt 0.514347 0.205867
vt 0.509631 0.253750
vt 0.517607 0.327233
vt 0.514612 0.296822
vt 0.514611 0.296822
vt 0.514612 0.296822
vt 0.514272 0.293373
vt 0.514523 0.204075
vt 0.512464 0.224983
vt 0.514272 0.293373
vt 0.514272 0.206627
vt 0.514523 0.204075
vt 0.514611 0.203178
vt 0.510547 0.255551
vt 0.511867 0.268954
vt 0.512745 0.222132
vt 0.513459 0.214879
vt 0.514469 0.204621
s 0
usemtl walls
f 201/143/315 231/144/315 199/144/315
f 202/145/316 234/143/316 201/143/316
f 553/149/318 208/150/318 242/149/318
f 211/151/320 244/150/320 208/150/320
f 213/152/321 246/151/321 211/151/321
f 216/119/298 231/144/298 234/143/298
f 216/119/298 235/145/298 217/120/298
f 217/120/298 237/146/298 219/108/298
f 222/121/298 237/146/298 240/148/298
f 222/121/298 242/149/298 223/106/298
f 225/114/298 242/149/298 244/150/298
f 225/114/298 246/151/298 227/111/298
f 229/153/298 246/151/298 232/152/298
f 202/145/322 533/146/322 535/146/322
f 540/148/328 239/146/328 238/146/328
f 551/155/324 242/149/324 240/148/324
f 200/143/345 232/144/345 213/143/345
f 203/145/346 233/143/346 200/145/346
f 547/149/347 209/150/347 241/149/347
f 210/151/349 243/150/349 209/151/349
f 212/152/350 245/151/350 210/152/350
f 215/119/298 232/144/298 233/143/298
f 215/119/298 236/145/298 218/120/298
f 218/120/298 238/146/298 220/108/298
f 220/108/298 239/148/298 221/121/298
f 221/121/298 241/149/298 224/106/298
f 226/114/298 241/149/298 243/150/298
f 228/111/298 243/150/298 245/151/298
f 230/153/298 245/151/298 247/152/298
f 203/146/351 539/158/351 541/145/351
f 579/146/354 378/148/354 460/148/354
f 545/149/352 241/148/352 239/148/352
f 231/144/371 343/143/371 199/144/371
f 372/143/372 344/145/372 343/143/372
f 579/146/373 578/146/373 344/145/373
f 595/149/374 382/150/374 348/149/374
f 382/150/375 353/151/375 350/150/375
f 384/151/376 354/152/376 353/151/376
f 372/143/298 214/118/298 356/119/298
f 373/145/298 356/119/298 357/120/298
f 375/146/298 357/120/298 359/108/298
f 378/148/298 359/108/298 362/121/298
f 380/149/298 362/121/298 363/106/298
f 382/150/298 363/106/298 365/114/298
f 384/151/298 365/114/298 367/111/298
f 369/153/298 384/151/298 367/111/298
f 585/164/378 377/146/378 461/148/378
f 378/148/377 597/149/377 596/157/377
f 370/144/395 342/143/395 354/143/395
f 371/143/396 345/145/396 342/145/396
f 585/145/397 584/158/397 345/146/397
f 589/165/398 381/149/398 349/150/398
f 381/150/399 352/151/399 351/151/399
f 383/151/400 212/152/400 352/152/400
f 355/119/298 370/144/298 369/118/298
f 374/145/298 355/119/298 358/120/298
f 360/108/298 374/145/298 358/120/298
f 377/148/298 360/108/298 361/121/298
f 379/149/298 361/121/298 364/106/298
f 366/114/298 379/149/298 364/106/298
f 383/151/298 366/114/298 368/111/298
f 230/153/298 383/151/298 368/111/298
f 377/148/401 591/166/401 590/149/401
f 533/146/323 536/146/323 535/146/323
f 536/146/323 537/167/323 535/146/323
f 537/167/323 538/146/323 535/146/323
f 538/146/323 534/146/323 535/146/323
f 539/148/328 542/168/328 541/164/328
f 542/168/328 543/148/328 541/164/328
f 543/148/328 544/148/328 541/164/328
f 544/148/328 540/148/328 541/164/328
f 545/149/352 548/169/352 547/166/352
f 548/169/352 549/149/352 547/166/352
f 549/149/352 550/149/352 547/166/352
f 550/149/352 546/149/352 547/166/352
f 551/157/324 554/170/324 553/149/324
f 554/170/324 555/171/324 553/149/324
f 555/171/324 556/172/324 553/149/324
f 556/172/324 552/149/324 553/149/324
f 577/147/354 580/173/354 579/146/354
f 580/173/354 581/174/354 579/146/354
f 581/174/354 582/175/354 579/146/354
f 582/175/354 578/146/354 579/146/354
f 583/148/378 586/176/378 585/164/378
f 586/176/378 587/148/378 585/164/378
f 587/148/378 588/148/378 585/164/378
f 588/148/378 584/148/378 585/164/378
f 589/149/401 592/177/401 591/166/401
f 592/177/401 593/149/401 591/166/401
f 593/149/401 594/178/401 591/166/401
f 594/178/401 590/149/401 591/166/401
f 595/149/377 598/179/377 597/149/377
f 598/179/377 599/180/377 597/149/377
f 599/180/377 600/149/377 597/149/377
f 600/149/377 596/149/377 597/149/377
f 534/147/323 240/148/323 237/146/323
f 201/143/315 234/143/315 231/144/315
f 202/145/316 235/145/316 234/143/316
f 552/149/325 206/149/325 208/150/325
f 208/150/325 244/150/325 242/149/325
f 553/149/325 552/149/325 208/150/325
f 211/151/320 246/151/320 244/150/320
f 213/152/321 232/152/321 246/151/321
f 216/119/298 214/118/298 231/144/298
f 216/119/298 234/143/298 235/145/298
f 217/120/298 235/145/298 237/146/298
f 222/121/298 219/108/298 237/146/298
f 222/121/298 240/148/298 242/149/298
f 225/114/298 223/106/298 242/149/298
f 225/114/298 244/150/298 246/151/298
f 229/153/298 227/111/298 246/151/298
f 237/146/322 235/145/322 202/145/322
f 202/145/322 204/146/322 533/146/322
f 535/146/458 237/146/458 202/145/458
f 238/146/328 541/164/328 540/148/328
f 540/148/328 334/148/328 239/146/328
f 240/148/324 333/148/324 551/155/324
f 551/155/459 553/149/459 242/149/459
f 200/143/345 233/144/345 232/144/345
f 203/145/346 236/143/346 233/143/346
f 546/165/353 207/150/353 209/150/353
f 209/150/353 243/149/353 241/149/353
f 547/149/353 546/165/353 209/150/353
f 210/151/349 245/150/349 243/150/349
f 212/152/350 247/151/350 245/151/350
f 215/119/298 229/118/298 232/144/298
f 215/119/298 233/143/298 236/145/298
f 218/120/298 236/145/298 238/146/298
f 220/108/298 238/146/298 239/148/298
f 221/121/298 239/148/298 241/149/298
f 226/114/298 224/106/298 241/149/298
f 228/111/298 226/114/298 243/150/298
f 230/153/298 228/111/298 245/151/298
f 238/145/351 236/145/351 203/146/351
f 203/146/351 205/146/351 539/158/351
f 541/145/460 238/145/460 203/146/460
f 460/148/354 577/147/354 579/146/354
f 579/146/461 375/146/461 378/148/461
f 239/148/352 334/149/352 545/149/352
f 545/149/462 547/166/462 241/148/462
f 231/144/371 372/143/371 343/143/371
f 372/143/372 373/145/372 344/145/372
f 344/145/373 373/145/373 375/146/373
f 344/145/463 375/146/463 579/146/463
f 578/146/373 346/146/373 344/145/373
f 597/149/464 380/149/464 382/150/464
f 382/150/374 350/150/374 348/149/374
f 595/149/374 597/149/374 382/150/374
f 382/150/375 384/151/375 353/151/375
f 384/151/376 370/152/376 354/152/376
f 372/143/298 231/144/298 214/118/298
f 373/145/298 372/143/298 356/119/298
f 375/146/298 373/145/298 357/120/298
f 378/148/298 375/146/298 359/108/298
f 380/149/298 378/148/298 362/121/298
f 382/150/298 380/149/298 363/106/298
f 384/151/298 382/150/298 365/114/298
f 369/153/298 370/152/298 384/151/298
f 461/148/378 583/148/378 585/164/378
f 585/164/465 376/146/465 377/146/465
f 596/157/377 460/148/377 378/148/377
f 378/148/466 380/149/466 597/149/466
f 370/144/395 371/144/395 342/143/395
f 371/143/396 374/143/396 345/145/396
f 345/146/397 374/145/397 376/145/397
f 345/146/467 376/145/467 585/145/467
f 584/158/397 347/146/397 345/146/397
f 591/149/468 379/149/468 381/149/468
f 381/149/398 351/150/398 349/150/398
f 589/165/398 591/149/398 381/149/398
f 381/150/399 383/150/399 352/151/399
f 383/151/400 247/151/400 212/152/400
f 355/119/298 371/143/298 370/144/298
f 374/145/298 371/143/298 355/119/298
f 360/108/298 376/146/298 374/145/298
f 377/148/298 376/146/298 360/108/298
f 379/149/298 377/148/298 361/121/298
f 366/114/298 381/150/298 379/149/298
f 383/151/298 381/150/298 366/114/298
f 230/153/298 247/152/298 383/151/298
f 590/149/401 461/149/401 377/148/401
f 377/148/469 379/148/469 591/166/469
f 237/146/475 535/146/475 534/147/475
f 534/147/323 333/148/323 240/148/323
usemtl cieling
f 308/105/298 258/106/298 309/107/298
f 254/108/298 306/109/298 303/110/298
f 261/111/298 299/112/298 314/113/298
f 259/114/298 312/115/298 309/107/298
f 302/116/298 300/117/298 248/118/298
f 249/119/298 302/116/298 248/118/298
f 252/120/298 302/116/298 249/119/298
f 256/121/298 308/105/298 254/108/298
f 266/122/299 267/123/299 265/124/299
f 300/117/300 269/125/300 266/122/300
f 269/125/301 272/126/301 267/123/301
f 302/116/302 274/127/302 269/125/302
f 274/127/303 276/128/303 272/126/303
f 303/110/304 278/129/304 274/127/304
f 278/129/305 280/130/305 276/128/305
f 306/109/306 281/131/306 278/129/306
f 281/132/307 283/133/307 280/134/307
f 308/135/308 286/136/308 281/132/308
f 286/136/309 288/137/309 283/133/309
f 309/107/310 290/138/310 286/136/310
f 290/138/311 291/139/311 288/137/311
f 312/115/312 293/140/312 290/138/312
f 314/113/313 297/141/313 293/140/313
f 293/140/314 296/142/314 291/139/314
f 259/114/298 309/107/298 258/106/298
f 261/111/298 312/115/298 259/114/298
f 216/119/315 248/118/315 214/118/315
f 217/120/316 249/119/316 216/119/316
f 219/108/322 252/120/322 217/120/322
f 222/121/323 254/108/323 219/108/323
f 223/106/324 256/121/324 222/121/324
f 225/114/325 258/106/325 223/106/325
f 227/111/320 259/114/320 225/114/320
f 229/153/321 261/111/321 227/111/321
f 258/106/298 308/105/298 256/121/298
f 321/126/326 267/123/326 272/126/326
f 326/133/326 280/134/326 283/133/326
f 264/153/298 299/112/298 261/111/298
f 252/120/298 303/110/298 302/116/298
f 322/128/326 272/126/326 276/128/326
f 296/142/326 330/139/326 291/139/326
f 288/137/326 326/133/326 283/133/326
f 267/123/326 316/124/326 265/124/326
f 254/108/298 308/105/298 306/109/298
f 312/115/298 261/111/298 314/113/298
f 324/130/326 276/128/326 280/130/326
f 291/139/326 328/137/326 288/137/326
f 254/108/298 303/110/298 252/120/298
f 307/105/298 257/106/298 310/107/298
f 253/108/298 305/109/298 304/110/298
f 313/113/298 262/111/298 315/112/298
f 260/114/298 311/115/298 310/107/298
f 299/117/298 264/118/298 301/116/298
f 301/116/298 264/118/298 250/119/298
f 251/120/298 301/116/298 250/119/298
f 255/121/298 307/105/298 253/108/298
f 297/122/329 268/123/329 296/124/329
f 299/117/330 270/125/330 297/122/330
f 270/125/331 271/126/331 268/123/331
f 301/116/332 273/127/332 270/125/332
f 273/127/333 275/128/333 271/126/333
f 304/110/334 277/129/334 273/127/334
f 277/129/335 279/130/335 275/128/335
f 305/109/336 282/131/336 277/129/336
f 282/132/337 284/133/337 279/134/337
f 307/135/338 285/136/338 282/132/338
f 285/136/339 287/137/339 284/133/339
f 310/107/340 289/138/340 285/136/340
f 289/138/341 292/139/341 287/137/341
f 311/115/342 294/140/342 289/138/342
f 313/113/343 298/141/343 294/140/343
f 294/140/344 295/142/344 292/139/344
f 260/114/298 310/107/298 257/106/298
f 262/111/298 311/115/298 260/114/298
f 215/119/345 264/118/345 229/119/345
f 218/120/346 250/119/346 215/120/346
f 220/108/351 251/120/351 218/108/351
f 221/121/328 253/108/328 220/121/328
f 224/106/352 255/121/352 221/106/352
f 226/114/353 257/106/353 224/114/353
f 228/111/349 260/114/349 226/111/349
f 230/153/350 262/111/350 228/153/350
f 257/106/298 307/105/298 255/121/298
f 320/126/326 268/123/326 271/126/326
f 327/133/326 279/134/326 284/133/326
f 263/153/298 315/112/298 262/111/298
f 251/120/298 304/110/298 301/116/298
f 323/128/326 271/126/326 275/128/326
f 332/142/326 292/139/326 295/142/326
f 287/137/326 327/133/326 284/133/326
f 268/123/326 317/124/326 296/124/326
f 253/108/298 307/105/298 305/109/298
f 311/115/298 262/111/298 313/113/298
f 325/130/326 275/128/326 279/130/326
f 292/139/326 329/137/326 287/137/326
f 253/108/298 304/110/298 251/120/298
f 438/105/298 439/107/298 394/106/298
f 390/108/298 433/110/298 436/109/298
f 397/111/298 444/113/298 430/112/298
f 395/114/298 439/107/298 442/115/298
f 432/116/298 248/118/298 300/117/298
f 385/119/298 248/118/298 432/116/298
f 388/120/298 385/119/298 432/116/298
f 392/121/298 390/108/298 438/105/298
f 266/122/355 400/123/355 402/125/355
f 300/117/356 402/125/356 432/116/356
f 402/125/357 405/126/357 407/127/357
f 432/116/358 407/127/358 433/110/358
f 407/127/359 409/128/359 411/129/359
f 433/110/360 411/129/360 436/109/360
f 411/129/361 413/130/361 414/131/361
f 436/109/362 414/131/362 438/105/362
f 414/132/363 416/133/363 419/136/363
f 419/136/364 438/135/364 414/132/364
f 419/136/365 421/137/365 423/138/365
f 423/138/366 439/107/366 419/136/366
f 423/138/367 424/139/367 426/140/367
f 426/140/368 442/115/368 423/138/368
f 429/141/369 444/113/369 426/140/369
f 426/140/370 428/142/370 429/141/370
f 395/114/298 394/106/298 439/107/298
f 397/111/298 395/114/298 442/115/298
f 248/118/371 356/119/371 214/118/371
f 385/119/372 357/120/372 356/119/372
f 388/120/373 359/108/373 357/120/373
f 390/108/354 362/121/354 359/108/354
f 392/121/377 363/106/377 362/121/377
f 394/106/374 365/114/374 363/106/374
f 395/114/375 367/111/375 365/114/375
f 397/111/376 369/153/376 367/111/376
f 394/106/298 392/121/298 438/105/298
f 400/123/326 449/126/326 405/126/326
f 413/134/326 454/133/326 416/133/326
f 399/153/298 397/111/298 430/112/298
f 388/120/298 432/116/298 433/110/298
f 405/126/326 450/128/326 409/128/326
f 428/142/326 458/139/326 445/142/326
f 416/133/326 456/137/326 421/137/326
f 400/123/326 316/124/326 446/123/326
f 390/108/298 436/109/298 438/105/298
f 442/115/298 444/113/298 397/111/298
f 409/128/326 452/130/326 413/130/326
f 424/139/326 456/137/326 458/139/326
f 390/108/298 388/120/298 433/110/298
f 437/105/298 440/107/298 393/106/298
f 389/108/298 434/110/298 435/109/298
f 443/113/298 315/112/298 398/111/298
f 396/114/298 440/107/298 441/115/298
f 430/117/298 431/116/298 399/118/298
f 431/116/298 386/119/298 399/118/298
f 387/120/298 386/119/298 431/116/298
f 391/121/298 389/108/298 437/105/298
f 429/122/379 401/123/379 403/125/379
f 430/117/380 403/125/380 431/116/380
f 403/125/381 404/126/381 406/127/381
f 431/116/382 406/127/382 434/110/382
f 406/127/383 408/128/383 410/129/383
f 434/110/384 410/129/384 435/109/384
f 410/129/385 412/130/385 415/131/385
f 435/109/386 415/131/386 437/105/386
f 415/132/387 417/133/387 418/136/387
f 418/136/388 437/135/388 415/132/388
f 418/136/389 420/137/389 422/138/389
f 422/138/390 440/107/390 418/136/390
f 422/138/391 425/139/391 427/140/391
f 427/140/392 441/115/392 422/138/392
f 298/141/393 443/113/393 427/140/393
f 427/140/394 295/142/394 298/141/394
f 396/114/298 393/106/298 440/107/298
f 398/111/298 396/114/298 441/115/298
f 399/118/395 355/119/395 369/119/395
f 386/119/396 358/120/396 355/120/396
f 387/120/397 360/108/397 358/108/397
f 389/108/378 361/121/378 360/121/378
f 391/121/401 364/106/401 361/106/401
f 393/106/398 366/114/398 364/114/398
f 396/114/399 368/111/399 366/111/399
f 398/111/400 230/153/400 368/153/400
f 393/106/298 391/121/298 437/105/298
f 401/123/326 448/126/326 404/126/326
f 412/134/326 455/133/326 417/133/326
f 263/153/298 398/111/298 315/112/298
f 387/120/298 431/116/298 434/110/298
f 404/126/326 451/128/326 408/128/326
f 425/139/326 332/142/326 295/142/326
f 420/137/326 455/133/326 457/137/326
f 401/123/326 445/124/326 447/123/326
f 389/108/298 435/109/298 437/105/298
f 441/115/298 443/113/298 398/111/298
f 408/128/326 453/130/326 412/130/326
f 425/139/326 457/137/326 459/139/326
f 389/108/298 387/120/298 434/110/298
f 445/142/402 499/139/402 486/142/402
f 332/142/403 500/139/403 485/142/403
f 322/128/404 474/126/404 321/126/404
f 454/133/405 493/134/405 495/133/405
f 323/128/406 473/126/406 320/126/406
f 457/137/407 496/133/407 498/137/407
f 447/123/408 486/124/408 488/123/408
f 328/137/409 479/133/409 326/133/409
f 317/142/410 483/139/410 330/139/410
f 451/128/411 494/130/411 453/130/411
f 449/126/412 491/128/412 450/128/412
f 331/139/413 485/142/413 484/139/413
f 457/137/414 500/139/414 459/139/414
f 448/126/415 488/123/415 489/126/415
f 318/123/416 469/124/416 316/124/416
f 329/137/417 480/133/417 327/133/417
f 324/130/418 475/128/418 322/128/418
f 454/133/419 497/137/419 456/137/419
f 319/123/420 470/124/420 317/124/420
f 330/139/421 481/137/421 328/137/421
f 319/123/422 473/126/422 472/123/422
f 318/123/423 474/126/423 471/123/423
f 446/123/424 469/124/424 487/123/424
f 453/134/425 496/133/425 455/133/425
f 325/130/426 476/128/426 323/128/426
f 450/128/427 493/130/427 452/130/427
f 329/137/428 484/139/428 482/137/428
f 456/137/429 499/139/429 458/139/429
f 327/133/430 478/134/430 325/134/430
f 324/134/431 479/133/431 477/134/431
f 451/128/432 489/126/432 492/128/432
f 446/123/433 490/126/433 449/126/433
f 469/124/350 519/123/350 487/123/350
f 473/126/375 504/123/375 472/123/375
f 491/128/352 525/130/352 493/130/352
f 480/133/354 510/134/354 478/134/354
f 497/137/346 531/139/346 499/139/346
f 476/128/374 505/126/374 473/126/374
f 488/123/320 521/126/320 489/126/320
f 485/142/371 516/139/371 484/139/371
f 494/134/323 528/133/323 496/133/323
f 482/137/373 512/133/373 480/133/373
f 489/126/325 524/128/325 492/128/325
f 472/123/376 502/124/376 470/124/376
f 500/139/315 517/142/315 485/142/315
f 478/130/377 508/128/377 476/128/377
f 474/126/399 503/123/399 471/123/399
f 496/133/322 530/137/322 498/137/322
f 484/139/372 514/137/372 482/137/372
f 479/133/378 509/134/378 477/134/378
f 486/124/321 520/123/321 488/123/321
f 470/142/395 515/139/395 483/139/395
f 475/128/398 506/126/398 474/126/398
f 492/128/324 526/130/324 494/130/324
f 487/123/349 522/126/349 490/126/349
f 481/137/397 511/133/397 479/133/397
f 498/137/316 532/139/316 500/139/316
f 493/134/328 527/133/328 495/133/328
f 471/123/400 501/124/400 469/124/400
f 499/139/345 518/142/345 486/142/345
f 490/126/353 523/128/353 491/128/353
f 477/130/401 507/128/401 475/128/401
f 495/133/351 529/137/351 497/137/351
f 483/139/396 513/137/396 481/137/396
f 266/122/299 269/125/299 267/123/299
f 300/117/300 302/116/300 269/125/300
f 269/125/301 274/127/301 272/126/301
f 302/116/302 303/110/302 274/127/302
f 274/127/303 278/129/303 276/128/303
f 303/110/304 306/109/304 278/129/304
f 278/129/305 281/131/305 280/130/305
f 306/109/306 308/105/306 281/131/306
f 281/132/307 286/136/307 283/133/307
f 308/135/308 309/107/308 286/136/308
f 286/136/309 290/138/309 288/137/309
f 309/107/310 312/115/310 290/138/310
f 290/138/311 293/140/311 291/139/311
f 312/115/312 314/113/312 293/140/312
f 314/113/313 299/112/313 297/141/313
f 293/140/314 297/141/314 296/142/314
f 216/119/315 249/119/315 248/118/315
f 217/120/316 252/120/316 249/119/316
f 219/108/322 254/108/322 252/120/322
f 222/121/323 256/121/323 254/108/323
f 223/106/324 258/106/324 256/121/324
f 225/114/325 259/114/325 258/106/325
f 227/111/320 261/111/320 259/114/320
f 229/153/321 264/153/321 261/111/321
f 321/126/326 318/123/326 267/123/326
f 326/133/326 324/134/326 280/134/326
f 322/128/326 321/126/326 272/126/326
f 296/142/326 317/142/326 330/139/326
f 288/137/326 328/137/326 326/133/326
f 267/123/326 318/123/326 316/124/326
f 324/130/326 322/128/326 276/128/326
f 291/139/326 330/139/326 328/137/326
f 297/122/329 270/125/329 268/123/329
f 299/117/330 301/116/330 270/125/330
f 270/125/331 273/127/331 271/126/331
f 301/116/332 304/110/332 273/127/332
f 273/127/333 277/129/333 275/128/333
f 304/110/334 305/109/334 277/129/334
f 277/129/335 282/131/335 279/130/335
f 305/109/336 307/105/336 282/131/336
f 282/132/337 285/136/337 284/133/337
f 307/135/338 310/107/338 285/136/338
f 285/136/339 289/138/339 287/137/339
f 310/107/340 311/115/340 289/138/340
f 289/138/341 294/140/341 292/139/341
f 311/115/342 313/113/342 294/140/342
f 313/113/343 315/112/343 298/141/343
f 294/140/344 298/141/344 295/142/344
f 215/119/345 250/118/345 264/118/345
f 218/120/346 251/119/346 250/119/346
f 220/108/351 253/120/351 251/120/351
f 221/121/328 255/108/328 253/108/328
f 224/106/352 257/121/352 255/121/352
f 226/114/353 260/106/353 257/106/353
f 228/111/349 262/114/349 260/114/349
f 230/153/350 263/111/350 262/111/350
f 320/126/326 319/123/326 268/123/326
f 327/133/326 325/134/326 279/134/326
f 323/128/326 320/126/326 271/126/326
f 332/142/326 331/139/326 292/139/326
f 287/137/326 329/137/326 327/133/326
f 268/123/326 319/123/326 317/124/326
f 325/130/326 323/128/326 275/128/326
f 292/139/326 331/139/326 329/137/326
f 266/122/355 265/124/355 400/123/355
f 300/117/356 266/122/356 402/125/356
f 402/125/357 400/123/357 405/126/357
f 432/116/358 402/125/358 407/127/358
f 407/127/359 405/126/359 409/128/359
f 433/110/360 407/127/360 411/129/360
f 411/129/361 409/128/361 413/130/361
f 436/109/362 411/129/362 414/131/362
f 414/132/363 413/134/363 416/133/363
f 419/136/364 439/107/364 438/135/364
f 419/136/365 416/133/365 421/137/365
f 423/138/366 442/115/366 439/107/366
f 423/138/367 421/137/367 424/139/367
f 426/140/368 444/113/368 442/115/368
f 429/141/369 430/112/369 444/113/369
f 426/140/370 424/139/370 428/142/370
f 248/118/371 385/119/371 356/119/371
f 385/119/372 388/120/372 357/120/372
f 388/120/373 390/108/373 359/108/373
f 390/108/354 392/121/354 362/121/354
f 392/121/377 394/106/377 363/106/377
f 394/106/374 395/114/374 365/114/374
f 395/114/375 397/111/375 367/111/375
f 397/111/376 399/153/376 369/153/376
f 400/123/326 446/123/326 449/126/326
f 413/134/326 452/134/326 454/133/326
f 405/126/326 449/126/326 450/128/326
f 428/142/326 424/139/326 458/139/326
f 416/133/326 454/133/326 456/137/326
f 400/123/326 265/124/326 316/124/326
f 409/128/326 450/128/326 452/130/326
f 424/139/326 421/137/326 456/137/326
f 429/122/379 428/124/379 401/123/379
f 430/117/380 429/122/380 403/125/380
f 403/125/381 401/123/381 404/126/381
f 431/116/382 403/125/382 406/127/382
f 406/127/383 404/126/383 408/128/383
f 434/110/384 406/127/384 410/129/384
f 410/129/385 408/128/385 412/130/385
f 435/109/386 410/129/386 415/131/386
f 415/132/387 412/134/387 417/133/387
f 418/136/388 440/107/388 437/135/388
f 418/136/389 417/133/389 420/137/389
f 422/138/390 441/115/390 440/107/390
f 422/138/391 420/137/391 425/139/391
f 427/140/392 443/113/392 441/115/392
f 298/141/393 315/112/393 443/113/393
f 427/140/394 425/139/394 295/142/394
f 399/118/395 386/118/395 355/119/395
f 386/119/396 387/119/396 358/120/396
f 387/120/397 389/120/397 360/108/397
f 389/108/378 391/108/378 361/121/378
f 391/121/401 393/121/401 364/106/401
f 393/106/398 396/106/398 366/114/398
f 396/114/399 398/114/399 368/111/399
f 398/111/400 263/111/400 230/153/400
f 401/123/326 447/123/326 448/126/326
f 412/134/326 453/134/326 455/133/326
f 404/126/326 448/126/326 451/128/326
f 425/139/326 459/139/326 332/142/326
f 420/137/326 417/133/326 455/133/326
f 401/123/326 428/124/326 445/124/326
f 408/128/326 451/128/326 453/130/326
f 425/139/326 420/137/326 457/137/326
f 445/142/470 458/139/470 499/139/470
f 332/142/403 459/139/403 500/139/403
f 322/128/404 475/128/404 474/126/404
f 454/133/405 452/134/405 493/134/405
f 323/128/406 476/128/406 473/126/406
f 457/137/407 455/133/407 496/133/407
f 447/123/471 445/124/471 486/124/471
f 328/137/409 481/137/409 479/133/409
f 317/142/410 470/142/410 483/139/410
f 451/128/411 492/128/411 494/130/411
f 449/126/412 490/126/412 491/128/412
f 331/139/472 332/142/472 485/142/472
f 457/137/414 498/137/414 500/139/414
f 448/126/415 447/123/415 488/123/415
f 318/123/473 471/123/473 469/124/473
f 329/137/417 482/137/417 480/133/417
f 324/130/418 477/130/418 475/128/418
f 454/133/419 495/133/419 497/137/419
f 319/123/420 472/123/420 470/124/420
f 330/139/421 483/139/421 481/137/421
f 319/123/422 320/126/422 473/126/422
f 318/123/423 321/126/423 474/126/423
f 446/123/474 316/124/474 469/124/474
f 453/134/425 494/134/425 496/133/425
f 325/130/426 478/130/426 476/128/426
f 450/128/427 491/128/427 493/130/427
f 329/137/428 331/139/428 484/139/428
f 456/137/429 497/137/429 499/139/429
f 327/133/430 480/133/430 478/134/430
f 324/134/431 326/133/431 479/133/431
f 451/128/432 448/126/432 489/126/432
f 446/123/433 487/123/433 490/126/433
f 469/124/350 501/124/350 519/123/350
f 473/126/375 505/126/375 504/123/375
f 491/128/352 523/128/352 525/130/352
f 480/133/354 512/133/354 510/134/354
f 497/137/346 529/137/346 531/139/346
f 476/128/374 508/128/374 505/126/374
f 488/123/320 520/123/320 521/126/320
f 485/142/371 517/142/371 516/139/371
f 494/134/323 526/134/323 528/133/323
f 482/137/373 514/137/373 512/133/373
f 489/126/325 521/126/325 524/128/325
f 472/123/376 504/123/376 502/124/376
f 500/139/315 532/139/315 517/142/315
f 478/130/377 510/130/377 508/128/377
f 474/126/399 506/126/399 503/123/399
f 496/133/322 528/133/322 530/137/322
f 484/139/372 516/139/372 514/137/372
f 479/133/378 511/133/378 509/134/378
f 486/124/321 518/124/321 520/123/321
f 470/142/395 502/142/395 515/139/395
f 475/128/398 507/128/398 506/126/398
f 492/128/324 524/128/324 526/130/324
f 487/123/349 519/123/349 522/126/349
f 481/137/397 513/137/397 511/133/397
f 498/137/316 530/137/316 532/139/316
f 493/134/328 525/134/328 527/133/328
f 471/123/400 503/123/400 501/124/400
f 499/139/345 531/139/345 518/142/345
f 490/126/353 522/126/353 523/128/353
f 477/130/401 509/130/401 507/128/401
f 495/133/351 527/133/351 529/137/351
f 483/139/396 515/139/396 513/137/396
usemtl pockets
f 335/146/317 533/146/317 204/146/317
f 557/147/298 333/148/298 534/147/298
f 567/149/319 206/149/319 552/149/319
f 557/147/327 560/154/327 558/146/327
f 336/146/327 539/146/327 205/146/327
f 562/156/298 334/148/298 540/147/298
f 572/149/348 207/149/348 546/149/348
f 333/148/298 568/155/298 551/157/298
f 569/159/327 571/160/327 340/148/327
f 334/148/298 573/155/298 545/157/298
f 460/148/298 602/156/298 577/147/298
f 348/149/348 612/149/348 595/149/348
f 578/146/327 462/146/327 346/146/327
f 618/161/348 620/162/348 466/149/348
f 609/163/348 607/146/348 464/148/348
f 461/148/298 607/147/298 583/147/298
f 349/149/319 617/149/319 589/149/319
f 460/148/298 611/155/298 467/148/298
f 584/146/317 463/146/317 347/146/317
f 461/148/298 616/155/298 468/148/298
f 551/157/434 571/160/434 554/170/434
f 554/170/435 570/181/435 555/149/435
f 555/149/436 569/159/436 556/179/436
f 556/179/437 567/149/437 552/149/437
f 558/146/438 536/146/438 533/146/438
f 561/182/439 537/146/439 536/146/439
f 560/154/440 538/173/440 537/146/440
f 559/183/441 534/147/441 538/173/441
f 545/157/442 576/160/442 548/170/442
f 548/170/443 575/149/443 549/149/443
f 549/149/444 574/149/444 550/179/444
f 550/179/445 572/149/445 546/149/445
f 563/146/446 542/146/446 539/146/446
f 566/146/447 543/146/447 542/146/447
f 565/146/448 544/173/448 543/146/448
f 564/173/449 540/147/449 544/173/449
f 612/149/445 598/179/445 595/149/445
f 615/159/444 599/149/444 598/179/444
f 614/184/443 600/170/443 599/149/443
f 613/170/442 596/157/442 600/170/442
f 577/147/449 605/183/449 580/173/449
f 580/173/448 604/185/448 581/146/448
f 581/146/447 603/186/447 582/187/447
f 582/187/446 601/146/446 578/146/446
f 617/149/437 592/179/437 589/149/437
f 620/149/436 593/149/436 592/179/436
f 619/149/435 594/170/435 593/149/435
f 618/170/434 590/155/434 594/170/434
f 583/147/441 610/173/441 586/183/441
f 586/183/440 609/146/440 587/146/440
f 587/146/439 608/146/439 588/187/439
f 588/187/438 606/146/438 584/146/438
f 335/146/317 558/146/317 533/146/317
f 557/147/298 340/148/298 333/148/298
f 567/149/319 338/149/319 206/149/319
f 558/146/327 335/146/327 337/148/327
f 337/148/327 340/148/327 557/147/327
f 557/147/327 559/183/327 560/154/327
f 560/154/327 561/182/327 558/146/327
f 558/146/327 337/148/327 557/147/327
f 336/146/327 563/146/327 539/146/327
f 562/156/298 341/148/298 334/148/298
f 572/149/348 339/149/348 207/149/348
f 333/148/298 340/148/298 568/155/298
f 340/148/327 337/148/327 338/149/327
f 338/149/327 567/149/327 569/159/327
f 569/159/327 570/181/327 571/160/327
f 571/160/327 568/155/327 340/148/327
f 340/148/327 338/149/327 569/159/327
f 334/148/298 341/148/298 573/155/298
f 460/148/298 467/148/298 602/156/298
f 348/149/348 465/149/348 612/149/348
f 578/146/327 601/146/327 462/146/327
f 466/149/348 464/149/348 468/148/348
f 468/148/348 616/148/348 618/161/348
f 618/161/348 619/188/348 620/162/348
f 620/162/348 617/189/348 466/149/348
f 466/149/348 468/148/348 618/161/348
f 464/148/348 463/148/348 606/190/348
f 606/190/348 608/191/348 609/163/348
f 609/163/348 610/192/348 607/146/348
f 607/146/348 468/146/348 464/148/348
f 464/148/348 606/190/348 609/163/348
f 461/148/298 468/148/298 607/147/298
f 349/149/319 466/149/319 617/149/319
f 460/148/298 596/157/298 611/155/298
f 584/146/317 606/146/317 463/146/317
f 461/148/298 590/155/298 616/155/298
f 551/157/434 568/155/434 571/160/434
f 554/170/435 571/160/435 570/181/435
f 555/149/436 570/181/436 569/159/436
f 556/179/437 569/159/437 567/149/437
f 558/146/438 561/182/438 536/146/438
f 561/182/439 560/154/439 537/146/439
f 560/154/440 559/183/440 538/173/440
f 559/183/441 557/147/441 534/147/441
f 545/157/442 573/155/442 576/160/442
f 548/170/443 576/160/443 575/149/443
f 549/149/444 575/149/444 574/149/444
f 550/179/445 574/149/445 572/149/445
f 563/146/446 566/146/446 542/146/446
f 566/146/447 565/146/447 543/146/447
f 565/146/448 564/173/448 544/173/448
f 564/173/449 562/156/449 540/147/449
f 612/149/445 615/159/445 598/179/445
f 615/159/444 614/184/444 599/149/444
f 614/184/443 613/170/443 600/170/443
f 613/170/442 611/155/442 596/157/442
f 577/147/449 602/156/449 605/183/449
f 580/173/448 605/183/448 604/185/448
f 581/146/447 604/185/447 603/186/447
f 582/187/446 603/186/446 601/146/446
f 617/149/437 620/149/437 592/179/437
f 620/149/436 619/149/436 593/149/436
f 619/149/435 618/170/435 594/170/435
f 618/170/434 616/155/434 590/155/434
f 583/147/441 607/147/441 610/173/441
f 586/183/440 610/173/440 609/146/440
f 587/146/439 609/146/439 608/146/439
f 588/187/438 608/146/438 606/146/438
usemtl outside
f 614/184/319 633/159/319 632/184/319
f 605/183/319 625/156/319 628/183/319
f 465/149/319 630/149/319 612/149/319
f 613/170/319 629/155/319 611/155/319
f 604/185/319 626/186/319 603/186/319
f 611/155/319 623/148/319 467/148/319
f 615/159/319 630/149/319 633/159/319
f 602/156/319 623/148/319 625/156/319
f 614/184/319 631/170/319 613/170/319
f 604/185/319 628/183/319 627/185/319
f 462/146/319 624/146/319 621/146/319
f 603/186/319 624/146/319 601/146/319
f 628/183/450 640/185/450 627/185/450
f 632/184/451 644/170/451 631/170/451
f 624/146/348 634/146/348 621/146/348
f 627/185/452 639/186/452 626/186/452
f 631/170/453 642/155/453 629/155/453
f 629/155/326 636/148/326 623/148/326
f 630/149/454 646/159/454 633/159/454
f 626/186/455 637/146/455 624/146/455
f 625/156/456 641/183/456 628/183/456
f 622/149/327 643/149/327 630/149/327
f 633/159/457 645/184/457 632/184/457
f 623/148/326 638/156/326 625/156/326
f 614/184/319 615/159/319 633/159/319
f 605/183/319 602/156/319 625/156/319
f 465/149/319 622/149/319 630/149/319
f 613/170/319 631/170/319 629/155/319
f 604/185/319 627/185/319 626/186/319
f 611/155/319 629/155/319 623/148/319
f 615/159/319 612/149/319 630/149/319
f 602/156/319 467/148/319 623/148/319
f 614/184/319 632/184/319 631/170/319
f 604/185/319 605/183/319 628/183/319
f 462/146/319 601/146/319 624/146/319
f 603/186/319 626/186/319 624/146/319
f 628/183/450 641/183/450 640/185/450
f 632/184/451 645/184/451 644/170/451
f 624/146/348 637/146/348 634/146/348
f 627/185/452 640/185/452 639/186/452
f 631/170/453 644/170/453 642/155/453
f 629/155/326 642/155/326 636/148/326
f 630/149/454 643/149/454 646/159/454
f 626/186/455 639/186/455 637/146/455
f 625/156/456 638/156/456 641/183/456
f 622/149/327 635/149/327 643/149/327
f 633/159/457 646/159/457 645/184/457
f 623/148/326 636/148/326 638/156/326
o Cube
v 33.950787 -33.950787 -0.092626
v 33.950787 33.950787 -0.092626
v -28.908510 -21.605045 -0.092626
v -31.118219 -15.432175 -0.092626
v -33.950787 -9.259305 -0.092626
v -33.950787 -3.086434 -0.092626
v -33.950787 3.086436 -0.092626
v -33.950787 9.259306 -0.092626
v -31.118219 15.432177 -0.092626
v -28.908510 21.605045 -0.092626
v -27.777916 33.950787 -0.092626
v -21.605045 33.950787 -0.092626
v -15.432175 33.950787 -0.092626
v -9.259305 33.950787 -0.092626
v -3.086435 33.950787 -0.092626
v 3.086436 33.950787 -0.092626
v 9.259306 33.950787 -0.092626
v 15.432177 33.950787 -0.092626
v 21.605045 33.950787 -0.092626
v 27.777916 33.950787 -0.092626
v 33.950787 27.777916 -0.092626
v 33.950787 21.605045 -0.092626
v 33.950787 15.432175 -0.092626
v 33.950787 9.259305 -0.092626
v 33.950787 3.086434 -0.092626
v 33.950787 -3.086436 -0.092626
v 33.950787 -9.259306 -0.092626
v 33.950787 -15.432177 -0.092626
v 33.950787 -21.605045 -0.092626
v 33.950787 -27.777916 -0.092626
v 27.777916 -33.950787 -0.092626
v 21.605045 -33.950787 -0.092626
v 15.432175 -33.950787 -0.092626
v 9.259305 -33.950787 -0.092626
v 3.086434 -33.950787 -0.092626
v -3.086436 -33.950787 -0.092626
v -9.259306 -33.950787 -0.092626
v -15.432177 -33.950787 -0.092626
v -21.605045 -33.950787 -0.092626
v -27.777916 -33.950787 -0.092626
v 27.777916 27.777916 -0.092626
v 27.777916 21.605045 -0.092626
v 27.777916 15.432175 -0.092626
v 27.777916 9.259305 -0.092626
v 27.777916 3.086434 -0.092626
v 27.777916 -3.086436 -0.092626
v 27.777916 -9.259306 -0.092626
v 27.777916 -15.432177 -0.092626
v 27.777916 -21.605045 -0.092626
v 27.777916 -27.777916 -0.092626
v 21.605045 27.777916 -0.092626
v 21.605045 21.605045 -0.092626
v 21.605045 15.432175 -0.092626
v 21.605045 9.259305 -0.092626
v 21.605045 3.086434 -0.092626
v 21.605045 -3.086436 -0.092626
v 21.605045 -9.259306 -0.092626
v 21.605045 -15.432177 -0.092626
v 21.605045 -21.605045 -0.092626
v 21.605045 -27.777916 -0.092626
v 15.432177 27.777916 -0.092626
v 15.432177 21.605045 -0.092626
v 15.432177 15.432175 -0.092626
v 15.432177 9.259305 -0.092626
v 15.432177 3.086434 -0.092626
v 15.432177 -3.086436 -0.092626
v 15.432177 -9.259306 -0.092626
v 15.432177 -15.432177 -0.092626
v 15.432177 -21.605045 -0.092626
v 15.432175 -27.777916 -0.092626
v 9.259306 27.777916 -0.092626
v 9.259306 21.605045 -0.092626
v 9.259306 15.432175 -0.092626
v 9.259306 9.259305 -0.092626
v 9.259306 3.086434 -0.092626
v 9.259306 -3.086436 -0.092626
v 9.259306 -9.259306 -0.092626
v 9.259306 -15.432177 -0.092626
v 9.259306 -21.605045 -0.092626
v 9.259305 -27.777916 -0.092626
v 3.086435 27.777916 -0.092626
v 3.086435 21.605045 -0.092626
v 3.086435 15.432175 -0.092626
v 3.086435 9.259305 -0.092626
v 3.086435 3.086434 -0.092626
v 3.086435 -3.086436 -0.092626
v 3.086435 -9.259306 -0.092626
v 3.086435 -15.432177 -0.092626
v 3.086434 -21.605045 -0.092626
v 3.086434 -27.777916 -0.092626
v -3.086435 27.777916 -0.092626
v -3.086435 21.605045 -0.092626
v -3.086435 15.432175 -0.092626
v -3.086435 9.259305 -0.092626
v -3.086435 3.086434 -0.092626
v -3.086436 -3.086436 -0.092626
v -3.086436 -9.259306 -0.092626
v -3.086436 -15.432177 -0.092626
v -3.086436 -21.605045 -0.092626
v -3.086436 -27.777916 -0.092626
v -9.259305 27.777916 -0.092626
v -9.259305 21.605045 -0.092626
v -9.259305 15.432175 -0.092626
v -9.259305 9.259305 -0.092626
v -9.259305 3.086434 -0.092626
v -9.259305 -3.086436 -0.092626
v -9.259305 -9.259306 -0.092626
v -9.259305 -15.432177 -0.092626
v -9.259305 -21.605045 -0.092626
v -9.259305 -27.777916 -0.092626
v -15.432175 27.777916 -0.092626
v -15.432175 21.605045 -0.092626
v -15.432175 15.432175 -0.092626
v -15.432175 9.259305 -0.092626
v -15.432175 3.086434 -0.092626
v -15.432175 -3.086436 -0.092626
v -15.432175 -9.259306 -0.092626
v -15.432175 -15.432177 -0.092626
v -15.432175 -21.605045 -0.092626
v -15.432175 -27.777916 -0.092626
v -21.605045 27.777916 -0.092626
v -21.605045 21.605045 -0.092626
v -21.605045 15.432175 -0.092626
v -21.605045 9.259305 -0.092626
v -21.605045 3.086434 -0.092626
v -21.605045 -3.086436 -0.092626
v -21.605045 -9.259306 -0.092626
v -21.605045 -15.432177 -0.092626
v -21.605045 -21.605045 -0.092626
v -21.605045 -27.777916 -0.092626
v -27.777916 27.777916 -0.092626
v -27.777916 21.605045 -0.092626
v -27.777916 15.432175 -0.092626
v -27.777916 9.259305 -0.092626
v -27.777916 3.086434 -0.092626
v -27.777916 -3.086436 -0.092626
v -27.777916 -9.259306 -0.092626
v -27.777916 -15.432177 -0.092626
v -27.777916 -21.605045 -0.092626
v -27.777916 -27.777916 -0.092626
vn -0.0000 -0.0000 1.0000
vt 0.647727 0.727273
vt 0.625000 0.750000
vt 0.625000 0.727273
vt 0.670455 0.727273
vt 0.647727 0.750000
vt 0.693182 0.727273
vt 0.670455 0.750000
vt 0.715909 0.727273
vt 0.693182 0.750000
vt 0.738636 0.727273
vt 0.715909 0.750000
vt 0.761364 0.727273
vt 0.738636 0.750000
vt 0.784091 0.727273
vt 0.761364 0.750000
vt 0.806818 0.727273
vt 0.784091 0.750000
vt 0.829545 0.727273
vt 0.806818 0.750000
vt 0.852273 0.727273
vt 0.829545 0.750000
vt 0.647727 0.500000
vt 0.625000 0.522727
vt 0.625000 0.500000
vt 0.647727 0.522727
vt 0.625000 0.545455
vt 0.647727 0.545455
vt 0.625000 0.568182
vt 0.647727 0.568182
vt 0.625000 0.590909
vt 0.647727 0.590909
vt 0.625000 0.613636
vt 0.647727 0.613636
vt 0.625000 0.636364
vt 0.647727 0.636364
vt 0.625000 0.659091
vt 0.647727 0.659091
vt 0.625000 0.681818
vt 0.647727 0.681818
vt 0.625000 0.704545
vt 0.647727 0.704545
vt 0.670455 0.500000
vt 0.670455 0.522727
vt 0.670455 0.545455
vt 0.670455 0.568182
vt 0.670455 0.590909
vt 0.670455 0.613636
vt 0.670455 0.636364
vt 0.670455 0.659091
vt 0.670455 0.681818
vt 0.670455 0.704545
vt 0.693182 0.500000
vt 0.693182 0.522727
vt 0.693182 0.545455
vt 0.693182 0.568182
vt 0.693182 0.590909
vt 0.693182 0.613636
vt 0.693182 0.636364
vt 0.693182 0.659091
vt 0.693182 0.681818
vt 0.693182 0.704545
vt 0.715909 0.500000
vt 0.715909 0.522727
vt 0.715909 0.545455
vt 0.715909 0.568182
vt 0.715909 0.590909
vt 0.715909 0.613636
vt 0.715909 0.636364
vt 0.715909 0.659091
vt 0.715909 0.681818
vt 0.715909 0.704545
vt 0.738636 0.500000
vt 0.738636 0.522727
vt 0.738636 0.545455
vt 0.738636 0.568182
vt 0.738636 0.590909
vt 0.738636 0.613636
vt 0.738636 0.636364
vt 0.738636 0.659091
vt 0.738636 0.681818
vt 0.738636 0.704545
vt 0.761364 0.500000
vt 0.761364 0.522727
vt 0.761364 0.545455
vt 0.761364 0.568182
vt 0.761364 0.613636
vt 0.761364 0.636364
vt 0.761364 0.659091
vt 0.761364 0.681818
vt 0.761364 0.704545
vt 0.784091 0.500000
vt 0.784091 0.522727
vt 0.784091 0.545455
vt 0.784091 0.568182
vt 0.761364 0.590909
vt 0.784091 0.590909
vt 0.784091 0.613636
vt 0.784091 0.636364
vt 0.784091 0.659091
vt 0.784091 0.681818
vt 0.784091 0.704545
vt 0.806818 0.500000
vt 0.806818 0.522727
vt 0.806818 0.545455
vt 0.806818 0.568182
vt 0.806818 0.590909
vt 0.806818 0.613636
vt 0.806818 0.636364
vt 0.806818 0.659091
vt 0.806818 0.681818
vt 0.806818 0.704545
vt 0.829545 0.500000
vt 0.829545 0.522727
vt 0.829545 0.545455
vt 0.829545 0.568182
vt 0.829545 0.590909
vt 0.829545 0.613636
vt 0.829545 0.636364
vt 0.829545 0.659091
vt 0.829545 0.681818
vt 0.829545 0.704545
vt 0.852273 0.500000
vt 0.852273 0.522727
vt 0.852273 0.545455
vt 0.852273 0.568182
vt 0.852273 0.590909
vt 0.852273 0.613636
vt 0.852273 0.636364
vt 0.852273 0.659091
vt 0.852273 0.681818
vt 0.852273 0.704545
vt 0.875000 0.545455
vt 0.875000 0.568182
vt 0.875000 0.590909
vt 0.875000 0.636364
vt 0.875000 0.681818
vt 0.875000 0.704545
vt 0.852273 0.750000
vt 0.875000 0.613636
vt 0.875000 0.659091
s 0
usemtl dark_tile
f 706/196/476 677/197/476 696/193/476
f 726/200/476 679/201/476 716/198/476
f 746/204/476 681/205/476 736/202/476
f 766/208/476 683/209/476 756/206/476
f 786/212/476 685/213/476 776/210/476
f 687/217/476 668/218/476 667/215/476
f 689/221/476 670/222/476 669/220/476
f 691/225/476 672/226/476 671/224/476
f 693/229/476 674/230/476 673/228/476
f 695/233/476 676/195/476 675/232/476
f 665/234/476 687/217/476 666/214/476
f 697/235/476 688/219/476 687/217/476
f 698/236/476 689/221/476 688/219/476
f 700/238/476 691/225/476 690/223/476
f 702/240/476 693/229/476 692/227/476
f 704/242/476 695/233/476 694/231/476
f 707/245/476 698/236/476 697/235/476
f 709/247/476 700/238/476 699/237/476
f 711/249/476 702/240/476 701/239/476
f 713/251/476 704/242/476 703/241/476
f 715/253/476 706/196/476 705/243/476
f 663/254/476 707/245/476 664/244/476
f 718/256/476 709/247/476 708/246/476
f 720/258/476 711/249/476 710/248/476
f 722/260/476 713/251/476 712/250/476
f 724/262/476 715/253/476 714/252/476
f 727/265/476 718/256/476 717/255/476
f 729/267/476 720/258/476 719/257/476
f 731/269/476 722/260/476 721/259/476
f 733/271/476 724/262/476 723/261/476
f 735/273/476 726/200/476 725/263/476
f 661/274/476 727/265/476 662/264/476
f 738/276/476 729/267/476 728/266/476
f 730/268/476 741/278/476 731/269/476
f 742/279/476 733/271/476 732/270/476
f 744/281/476 735/273/476 734/272/476
f 747/284/476 738/276/476 737/275/476
f 749/286/476 740/287/476 739/277/476
f 751/289/476 742/279/476 741/278/476
f 753/291/476 744/281/476 743/280/476
f 755/293/476 746/204/476 745/282/476
f 659/294/476 747/284/476 660/283/476
f 758/296/476 749/286/476 748/285/476
f 760/298/476 751/289/476 750/288/476
f 762/300/476 753/291/476 752/290/476
f 764/302/476 755/293/476 754/292/476
f 767/305/476 758/296/476 757/295/476
f 769/307/476 760/298/476 759/297/476
f 771/309/476 762/300/476 761/299/476
f 773/311/476 764/302/476 763/301/476
f 775/313/476 766/208/476 765/303/476
f 657/314/476 767/305/476 658/304/476
f 778/316/476 769/307/476 768/306/476
f 780/318/476 771/309/476 770/308/476
f 782/320/476 773/311/476 772/310/476
f 784/322/476 775/313/476 774/312/476
f 655/325/476 780/318/476 779/317/476
f 781/319/476 652/327/476 782/320/476
f 783/321/476 650/328/476 784/322/476
f 706/196/476 678/199/476 677/197/476
f 726/200/476 680/203/476 679/201/476
f 746/204/476 682/207/476 681/205/476
f 766/208/476 684/211/476 683/209/476
f 786/212/476 686/330/476 685/213/476
f 687/217/476 688/219/476 668/218/476
f 689/221/476 690/223/476 670/222/476
f 691/225/476 692/227/476 672/226/476
f 693/229/476 694/231/476 674/230/476
f 695/233/476 696/193/476 676/195/476
f 665/234/476 697/235/476 687/217/476
f 697/235/476 698/236/476 688/219/476
f 698/236/476 699/237/476 689/221/476
f 700/238/476 701/239/476 691/225/476
f 702/240/476 703/241/476 693/229/476
f 704/242/476 705/243/476 695/233/476
f 707/245/476 708/246/476 698/236/476
f 709/247/476 710/248/476 700/238/476
f 711/249/476 712/250/476 702/240/476
f 713/251/476 714/252/476 704/242/476
f 715/253/476 716/198/476 706/196/476
f 663/254/476 717/255/476 707/245/476
f 718/256/476 719/257/476 709/247/476
f 720/258/476 721/259/476 711/249/476
f 722/260/476 723/261/476 713/251/476
f 724/262/476 725/263/476 715/253/476
f 727/265/476 728/266/476 718/256/476
f 729/267/476 730/268/476 720/258/476
f 731/269/476 732/270/476 722/260/476
f 733/271/476 734/272/476 724/262/476
f 735/273/476 736/202/476 726/200/476
f 661/274/476 737/275/476 727/265/476
f 738/276/476 739/277/476 729/267/476
f 730/268/476 740/287/476 741/278/476
f 742/279/476 743/280/476 733/271/476
f 744/281/476 745/282/476 735/273/476
f 747/284/476 748/285/476 738/276/476
f 749/286/476 750/288/476 740/287/476
f 751/289/476 752/290/476 742/279/476
f 753/291/476 754/292/476 744/281/476
f 755/293/476 756/206/476 746/204/476
f 659/294/476 757/295/476 747/284/476
f 758/296/476 759/297/476 749/286/476
f 760/298/476 761/299/476 751/289/476
f 762/300/476 763/301/476 753/291/476
f 764/302/476 765/303/476 755/293/476
f 767/305/476 768/306/476 758/296/476
f 769/307/476 770/308/476 760/298/476
f 771/309/476 772/310/476 762/300/476
f 773/311/476 774/312/476 764/302/476
f 775/313/476 776/210/476 766/208/476
f 657/314/476 777/315/476 767/305/476
f 778/316/476 779/317/476 769/307/476
f 780/318/476 781/319/476 771/309/476
f 782/320/476 783/321/476 773/311/476
f 784/322/476 785/323/476 775/313/476
f 655/325/476 654/326/476 780/318/476
f 781/319/476 653/331/476 652/327/476
f 783/321/476 651/332/476 650/328/476
usemtl light_tile
f 696/193/476 647/194/476 676/195/476
f 716/198/476 678/199/476 706/196/476
f 736/202/476 680/203/476 726/200/476
f 756/206/476 682/207/476 746/204/476
f 776/210/476 684/211/476 766/208/476
f 666/214/476 667/215/476 648/216/476
f 688/219/476 669/220/476 668/218/476
f 690/223/476 671/224/476 670/222/476
f 692/227/476 673/228/476 672/226/476
f 694/231/476 675/232/476 674/230/476
f 699/237/476 690/223/476 689/221/476
f 701/239/476 692/227/476 691/225/476
f 703/241/476 694/231/476 693/229/476
f 705/243/476 696/193/476 695/233/476
f 664/244/476 697/235/476 665/234/476
f 708/246/476 699/237/476 698/236/476
f 710/248/476 701/239/476 700/238/476
f 712/250/476 703/241/476 702/240/476
f 714/252/476 705/243/476 704/242/476
f 717/255/476 708/246/476 707/245/476
f 719/257/476 710/248/476 709/247/476
f 721/259/476 712/250/476 711/249/476
f 723/261/476 714/252/476 713/251/476
f 725/263/476 716/198/476 715/253/476
f 662/264/476 717/255/476 663/254/476
f 728/266/476 719/257/476 718/256/476
f 730/268/476 721/259/476 720/258/476
f 732/270/476 723/261/476 722/260/476
f 734/272/476 725/263/476 724/262/476
f 737/275/476 728/266/476 727/265/476
f 739/277/476 730/268/476 729/267/476
f 741/278/476 732/270/476 731/269/476
f 743/280/476 734/272/476 733/271/476
f 745/282/476 736/202/476 735/273/476
f 660/283/476 737/275/476 661/274/476
f 748/285/476 739/277/476 738/276/476
f 750/288/476 741/278/476 740/287/476
f 752/290/476 743/280/476 742/279/476
f 754/292/476 745/282/476 744/281/476
f 757/295/476 748/285/476 747/284/476
f 759/297/476 750/288/476 749/286/476
f 761/299/476 752/290/476 751/289/476
f 763/301/476 754/292/476 753/291/476
f 765/303/476 756/206/476 755/293/476
f 658/304/476 757/295/476 659/294/476
f 768/306/476 759/297/476 758/296/476
f 770/308/476 761/299/476 760/298/476
f 772/310/476 763/301/476 762/300/476
f 774/312/476 765/303/476 764/302/476
f 777/315/476 768/306/476 767/305/476
f 779/317/476 770/308/476 769/307/476
f 781/319/476 772/310/476 771/309/476
f 783/321/476 774/312/476 773/311/476
f 785/323/476 776/210/476 775/313/476
f 656/324/476 779/317/476 778/316/476
f 654/326/476 781/319/476 780/318/476
f 652/327/476 783/321/476 782/320/476
f 784/322/476 649/329/476 785/323/476
f 696/193/476 677/197/476 647/194/476
f 716/198/476 679/201/476 678/199/476
f 736/202/476 681/205/476 680/203/476
f 756/206/476 683/209/476 682/207/476
f 776/210/476 685/213/476 684/211/476
f 666/214/476 687/217/476 667/215/476
f 688/219/476 689/221/476 669/220/476
f 690/223/476 691/225/476 671/224/476
f 692/227/476 693/229/476 673/228/476
f 694/231/476 695/233/476 675/232/476
f 699/237/476 700/238/476 690/223/476
f 701/239/476 702/240/476 692/227/476
f 703/241/476 704/242/476 694/231/476
f 705/243/476 706/196/476 696/193/476
f 664/244/476 707/245/476 697/235/476
f 708/246/476 709/247/476 699/237/476
f 710/248/476 711/249/476 701/239/476
f 712/250/476 713/251/476 703/241/476
f 714/252/476 715/253/476 705/243/476
f 717/255/476 718/256/476 708/246/476
f 719/257/476 720/258/476 710/248/476
f 721/259/476 722/260/476 712/250/476
f 723/261/476 724/262/476 714/252/476
f 725/263/476 726/200/476 716/198/476
f 662/264/476 727/265/476 717/255/476
f 728/266/476 729/267/476 719/257/476
f 730/268/476 731/269/476 721/259/476
f 732/270/476 733/271/476 723/261/476
f 734/272/476 735/273/476 725/263/476
f 737/275/476 738/276/476 728/266/476
f 739/277/476 740/287/476 730/268/476
f 741/278/476 742/279/476 732/270/476
f 743/280/476 744/281/476 734/272/476
f 745/282/476 746/204/476 736/202/476
f 660/283/476 747/284/476 737/275/476
f 748/285/476 749/286/476 739/277/476
f 750/288/476 751/289/476 741/278/476
f 752/290/476 753/291/476 743/280/476
f 754/292/476 755/293/476 745/282/476
f 757/295/476 758/296/476 748/285/476
f 759/297/476 760/298/476 750/288/476
f 761/299/476 762/300/476 752/290/476
f 763/301/476 764/302/476 754/292/476
f 765/303/476 766/208/476 756/206/476
f 658/304/476 767/305/476 757/295/476
f 768/306/476 769/307/476 759/297/476
f 770/308/476 771/309/476 761/299/476
f 772/310/476 773/311/476 763/301/476
f 774/312/476 775/313/476 765/303/476
f 777/315/476 778/316/476 768/306/476
f 779/317/476 780/318/476 770/308/476
f 781/319/476 782/320/476 772/310/476
f 783/321/476 784/322/476 774/312/476
f 785/323/476 786/212/476 776/210/476
f 656/324/476 655/325/476 779/317/476
f 654/326/476 653/331/476 781/319/476
f 652/327/476 651/332/476 783/321/476
f 784/322/476 650/328/476 649/329/476
o Cube.001
v 0.000000 35.615932 -3.948749
v -29.275425 59.324879 14.215821
v -29.275425 59.324883 0.000028
v 0.000000 17.089558 18.274326
v -29.275425 -59.324886 14.215767
v 6.948323 34.931580 -3.948750
v -29.275425 -59.324883 -0.000027
v 3.390018 16.755669 18.274326
v 13.629627 32.904831 -3.948749
v 192.150345 59.324879 14.215821
v 6.649502 15.766918 18.274326
v 192.150345 59.324883 0.000028
v 192.150345 -59.324886 14.215767
v 19.787153 29.613567 -3.948750
v 9.652864 14.161587 18.274324
v 192.150345 -59.324883 -0.000027
v 25.184267 25.184269 -3.948749
v 12.284187 12.002115 18.274326
v 29.613565 19.787153 -3.948749
v 14.441376 9.373575 18.274326
v 32.904831 13.629627 -3.948749
v 16.039213 6.384225 18.274326
v 34.931580 6.948324 -3.948750
v 17.010233 3.183210 18.274326
v 35.615936 -0.000000 -3.948749
v 17.323750 -0.000000 18.274326
v 34.931580 -6.948324 -3.948749
v 17.010233 -3.183210 18.274324
v 32.904831 -13.629628 -3.948749
v 16.039213 -6.384224 18.274326
v 29.613565 -19.787153 -3.948750
v 14.441376 -9.373574 18.274324
v 25.184267 -25.184265 -3.948749
v 12.284187 -12.002116 18.274326
v 19.787153 -29.613564 -3.948749
v 9.652864 -14.161588 18.274326
v 13.629627 -32.904831 -3.948749
v 6.649502 -15.766919 18.274326
v 6.948323 -34.931580 -3.948749
v 3.390018 -16.755671 18.274326
v 0.000000 -35.615932 -3.948749
v 0.000000 -17.089560 18.274326
v -6.948324 -34.931580 -3.948749
v -3.390018 -16.755671 18.274326
v -13.629628 -32.904831 -3.948749
v -6.649502 -15.766919 18.274326
v -19.787151 -29.613564 -3.948749
v -9.652865 -14.161588 18.274326
v -25.184267 -25.184265 -3.948749
v -12.284186 -12.002116 18.274326
v -29.613565 -19.787153 -3.948750
v -14.441378 -9.373574 18.274324
v -32.904831 -13.629628 -3.948749
v -16.039215 -6.384224 18.274326
v -34.931580 -6.948324 -3.948749
v -17.010233 -3.183210 18.274324
v -17.323751 -0.000000 18.274326
v -34.931580 6.948324 -3.948750
v -17.010233 3.183210 18.274326
v -32.904831 13.629627 -3.948749
v -16.039215 6.384225 18.274326
v -29.613565 19.787153 -3.948749
v -14.441378 9.373575 18.274326
v -25.184267 25.184269 -3.948749
v -12.284186 12.002115 18.274326
v -19.787151 29.613567 -3.948750
v -9.652865 14.161587 18.274324
v -13.629628 32.904831 -3.948749
v -6.649502 15.766918 18.274326
v -6.948324 34.931580 -3.948750
v -3.390018 16.755669 18.274326
v -29.275425 -20.199177 -0.000009
v -29.275425 20.199177 0.000010
v -29.275425 20.199179 14.215803
v -29.275425 -20.199177 14.215785
v -6.948324 -34.931580 14.215778
v 0.000000 -35.615932 14.215778
v 6.948323 -34.931580 14.215778
v 25.184267 25.184269 14.215806
v 25.184267 -25.184267 14.215782
v 13.629627 -32.904827 14.215779
v 19.787153 -29.613565 14.215781
v 29.613565 19.787155 14.215803
v 29.613565 -19.787151 14.215785
v 32.904831 -13.629627 14.215788
v 35.615936 0.000000 14.215794
v 34.931580 6.948323 14.215796
v 34.931580 -6.948324 14.215792
v 32.904831 13.629628 14.215800
v -25.184267 25.184269 14.215806
v -19.787151 29.613567 14.215807
v -19.787151 -29.613565 14.215781
v -13.629628 32.904831 14.215809
v -25.184267 -25.184267 14.215782
v -6.948324 34.931583 14.215810
v 0.000000 35.615932 14.215810
v 19.787153 29.613567 14.215807
v 6.948323 34.931583 14.215810
v 13.629627 32.904831 14.215809
v -13.629628 -32.904827 14.215779
v -25.184267 25.184267 0.000012
v -19.787151 29.613565 0.000014
v -25.184267 -25.184267 -0.000011
v -13.629628 32.904831 0.000016
v -19.787151 -29.613565 -0.000014
v -13.629628 -32.904831 -0.000015
v 0.000000 -35.615932 -0.000016
v -6.948324 -34.931580 -0.000016
v 19.787153 -29.613565 -0.000014
v 13.629627 -32.904831 -0.000015
v 6.948323 -34.931580 -0.000016
v -6.948324 34.931580 0.000016
v 6.948323 34.931580 0.000016
v 0.000000 35.615932 0.000017
v 25.184267 25.184267 0.000012
v 25.184267 -25.184267 -0.000011
v 19.787153 29.613565 0.000014
v 13.629627 32.904831 0.000016
v 29.613565 19.787153 0.000009
v 29.613565 -19.787153 -0.000009
v 32.904831 13.629627 0.000007
v 35.615936 -0.000000 0.000000
v 34.931580 6.948324 0.000003
v 34.931580 -6.948324 -0.000003
v 32.904831 -13.629627 -0.000006
v -35.261280 -3.600849 11.914889
v -35.098824 -5.250271 10.812781
v -34.952164 -6.739389 7.217734
v -34.952164 -6.739389 -0.257666
v -34.990276 -6.352380 9.163359
v -35.452908 -1.655225 12.301898
v -35.615932 0.000000 12.301899
v -35.452904 1.655276 12.301899
v -35.261276 3.600901 11.914889
v -35.615929 0.000026 12.301899
v -34.952156 6.739440 7.217735
v -34.952156 6.739440 -0.257666
v -34.990273 6.352431 9.163359
v -35.098824 5.250323 10.812781
v -34.952156 -6.739388 -3.948749
v -34.952156 6.739440 -3.948750
v 0.000000 35.615929 18.274326
v 6.948323 34.931580 18.274326
v 13.629627 32.904827 18.274328
v 19.787153 29.613565 18.274326
v 25.184267 25.184267 18.274326
v 29.613565 19.787153 18.274326
v 32.904831 13.629629 18.274324
v 34.931580 6.948323 18.274324
v 35.615936 0.000000 18.274326
v 34.931580 -6.948324 18.274326
v 32.904831 -13.629626 18.274326
v 29.613565 -19.787151 18.274326
v 25.184267 -25.184269 18.274326
v 19.787153 -29.613567 18.274326
v 13.629627 -32.904831 18.274326
v 6.948323 -34.931583 18.274326
v 0.000000 -35.615936 18.274326
v -6.948324 -34.931583 18.274326
v -13.629628 -32.904831 18.274326
v -19.787151 -29.613567 18.274326
v -25.184267 -25.184269 18.274326
v -29.613565 -19.787151 18.274326
v -32.904831 -13.629626 18.274326
v -34.931580 -6.948324 18.274326
v -35.615932 0.000000 18.274326
v -34.931580 6.948323 18.274324
v -32.904831 13.629629 18.274324
v -29.613565 19.787153 18.274326
v -25.184267 25.184267 18.274326
v -19.787151 29.613565 18.274326
v -13.629628 32.904827 18.274328
v -6.948324 34.931580 18.274326
vn -1.0000 -0.0000 -0.0000
vn -0.0000 -1.0000 -0.0000
vn 1.0000 -0.0000 -0.0000
vn -0.0000 1.0000 -0.0000
vn -0.0000 -0.0000 1.0000
vn -0.0000 -0.0000 -1.0000
vn 0.0980 0.9952 -0.0000
vn 0.2903 0.9569 -0.0000
vn 0.4714 0.8819 -0.0000
vn 0.6344 0.7730 -0.0000
vn 0.7730 0.6344 -0.0000
vn 0.8819 0.4714 -0.0000
vn 0.9569 0.2903 -0.0000
vn 0.9952 0.0980 -0.0000
vn 0.9952 -0.0980 -0.0000
vn 0.9569 -0.2903 -0.0000
vn 0.8819 -0.4714 -0.0000
vn 0.7730 -0.6344 -0.0000
vn 0.6344 -0.7730 -0.0000
vn 0.4714 -0.8819 -0.0000
vn 0.2903 -0.9569 -0.0000
vn 0.0980 -0.9952 -0.0000
vn -0.0980 -0.9952 -0.0000
vn -0.2903 -0.9569 -0.0000
vn -0.4714 -0.8819 -0.0000
vn -0.6344 -0.7730 -0.0000
vn -0.7730 -0.6344 -0.0000
vn -0.8819 -0.4714 -0.0000
vn -0.9569 -0.2903 -0.0000
vn -0.9952 -0.0980 -0.0000
vn -0.9569 0.2903 -0.0000
vn -0.8819 0.4714 -0.0000
vn -0.7730 0.6344 -0.0000
vn -0.6344 0.7730 -0.0000
vn -0.4714 0.8819 -0.0000
vn -0.2903 0.9569 -0.0000
vn -0.0980 0.9952 -0.0000
vn -0.9952 0.0980 -0.0000
vn 0.3030 -0.9530 -0.0000
vn -0.9952 -0.0981 -0.0000
vn 0.0020 1.0000 -0.0000
vn -0.9998 -0.0000 0.0210
vt 0.375000 0.250000
vt 0.625000 0.167561
vt 0.625000 0.250000
vt 0.625000 0.000000
vt 0.375000 0.082439
vt 0.375000 0.000000
vt 0.375000 0.500000
vt 0.625000 0.750000
vt 0.375000 0.750000
vt 0.375000 1.000000
vt 0.339976 0.639640
vt 0.342267 0.625000
vt 0.625000 0.500000
vt 0.660024 0.610360
vt 0.657733 0.625000
vt 1.000000 1.000000
vt 0.968750 0.908687
vt 1.000000 0.908687
vt 0.968750 0.500000
vt 1.000000 0.588844
vt 0.968750 0.588844
vt 0.968750 1.000000
vt 0.937500 0.908687
vt 0.937500 0.500000
vt 0.937500 0.588844
vt 0.937500 1.000000
vt 0.906250 0.908687
vt 0.906250 0.500000
vt 0.906250 0.588844
vt 0.906250 1.000000
vt 0.875000 0.908687
vt 0.875000 0.500000
vt 0.875000 0.588844
vt 0.875000 1.000000
vt 0.843750 0.908687
vt 0.843750 0.500000
vt 0.843750 0.588844
vt 0.843750 1.000000
vt 0.812500 0.908687
vt 0.812500 0.500000
vt 0.812500 0.588844
vt 0.812500 1.000000
vt 0.781250 0.908687
vt 0.781250 0.500000
vt 0.781250 0.588844
vt 0.781250 1.000000
vt 0.750000 0.908687
vt 0.750000 0.500000
vt 0.750000 0.588843
vt 0.750000 1.000000
vt 0.718750 0.908686
vt 0.718750 0.500000
vt 0.718750 0.588843
vt 0.687500 1.000000
vt 0.718750 1.000000
vt 0.687500 0.500000
vt 0.687500 0.588843
vt 0.656250 1.000000
vt 0.687500 0.908686
vt 0.656250 0.500000
vt 0.656250 0.588843
vt 0.625000 1.000000
vt 0.656250 0.908686
vt 0.625000 0.588843
vt 0.593750 0.908686
vt 0.625000 0.908686
vt 0.593750 0.500000
vt 0.593750 0.588843
vt 0.562500 1.000000
vt 0.593750 1.000000
vt 0.562500 0.500000
vt 0.562500 0.588843
vt 0.531250 1.000000
vt 0.562500 0.908686
vt 0.531250 0.500000
vt 0.531250 0.588843
vt 0.500000 1.000000
vt 0.531250 0.908686
vt 0.500000 0.588843
vt 0.468750 1.000000
vt 0.500000 0.908686
vt 0.468750 0.588843
vt 0.500000 0.500000
vt 0.437500 1.000000
vt 0.468750 0.908686
vt 0.468750 0.500000
vt 0.437500 0.588843
vt 0.437500 0.500000
vt 0.406250 1.000000
vt 0.437500 0.908686
vt 0.406250 0.500000
vt 0.406250 0.588843
vt 0.406250 0.908686
vt 0.375000 0.588843
vt 0.343750 1.000000
vt 0.343750 0.500000
vt 0.346136 0.908686
vt 0.312500 1.000000
vt 0.312500 0.500000
vt 0.281250 1.000000
vt 0.281250 0.500000
vt 0.266195 0.856918
vt 0.273613 0.832122
vt 0.218750 0.500000
vt 0.187500 1.000000
vt 0.187500 0.500000
vt 0.156250 0.500000
vt 0.153864 0.588844
vt 0.156250 1.000000
vt 0.125000 0.908687
vt 0.093750 1.000000
vt 0.093750 0.908687
vt 0.093750 0.588844
vt 0.125000 0.500000
vt 0.125000 0.588844
vt 0.062500 0.908687
vt 0.062500 0.588844
vt 0.093750 0.500000
vt 0.062500 1.000000
vt 0.031250 0.908687
vt 0.031250 0.500000
vt 0.031250 0.588844
vt 0.031250 1.000000
vt 0.000000 0.908687
vt 0.000000 0.588844
vt 0.218750 1.000000
vt 0.226387 0.832122
vt 0.233805 0.856918
vt 0.297947 0.482078
vt 0.250000 0.490000
vt 0.250021 0.485547
vt 0.342798 0.468755
vt 0.296822 0.485388
vt 0.384057 0.446980
vt 0.341844 0.471731
vt 0.418207 0.418938
vt 0.383337 0.449553
vt 0.301695 0.481542
vt 0.419706 0.419706
vt 0.344380 0.468820
vt 0.385080 0.447061
vt 0.419216 0.419051
vt 0.449553 0.383337
vt 0.447308 0.384902
vt 0.471731 0.341844
vt 0.469265 0.344132
vt 0.485388 0.296822
vt 0.483181 0.299276
vt 0.490000 0.250000
vt 0.488161 0.252512
vt 0.485388 0.203178
vt 0.483748 0.205826
vt 0.471731 0.158156
vt 0.470094 0.160999
vt 0.449553 0.116663
vt 0.447787 0.119673
vt 0.419706 0.080294
vt 0.380986 0.053499
vt 0.417682 0.083376
vt 0.339266 0.031276
vt 0.383337 0.050447
vt 0.294156 0.017600
vt 0.341844 0.028269
vt 0.247337 0.012981
vt 0.296822 0.014612
vt 0.200598 0.017575
vt 0.250000 0.010000
vt 0.155808 0.031152
vt 0.203178 0.014612
vt 0.115077 0.052915
vt 0.158156 0.028269
vt 0.080941 0.080922
vt 0.116663 0.050447
vt 0.050447 0.116663
vt 0.080294 0.080294
vt 0.052934 0.115050
vt 0.028269 0.158156
vt 0.031171 0.155769
vt 0.014612 0.203178
vt 0.017592 0.200541
vt 0.010000 0.250000
vt 0.012994 0.247250
vt 0.014612 0.296822
vt 0.017605 0.294009
vt 0.028269 0.341844
vt 0.054828 0.381031
vt 0.050447 0.383337
vt 0.031262 0.338992
vt 0.375000 0.167560
vt 0.625000 0.082439
vt 0.138698 0.571936
vt 0.125000 0.582440
vt 0.125000 0.750000
vt 0.125000 0.667561
vt 0.138698 0.678064
vt 0.156768 0.687397
vt 0.156768 0.562603
vt 0.177385 0.555668
vt 0.177385 0.694332
vt 0.199755 0.698602
vt 0.199755 0.551398
vt 0.223019 0.549956
vt 0.223019 0.700044
vt 0.246283 0.551398
vt 0.268653 0.555668
vt 0.246283 0.698602
vt 0.268653 0.694332
vt 0.289270 0.562603
vt 0.289270 0.687397
vt 0.307340 0.678064
vt 0.307340 0.571936
vt 0.322170 0.583308
vt 0.322170 0.666692
vt 0.333190 0.653718
vt 0.333190 0.596282
vt 0.339976 0.610360
vt 0.861302 0.678064
vt 0.875000 0.667560
vt 0.875000 0.750000
vt 0.875000 0.582439
vt 0.861302 0.571936
vt 0.843232 0.562603
vt 0.843232 0.687397
vt 0.822615 0.694332
vt 0.822615 0.555668
vt 0.800245 0.551398
vt 0.800245 0.698602
vt 0.776981 0.700044
vt 0.776981 0.549956
vt 0.753717 0.698602
vt 0.731347 0.694332
vt 0.753717 0.551398
vt 0.731347 0.555668
vt 0.710730 0.687397
vt 0.710730 0.562603
vt 0.692660 0.571936
vt 0.692660 0.678064
vt 0.677830 0.666692
vt 0.677830 0.583308
vt 0.666810 0.596282
vt 0.666810 0.653718
vt 0.660024 0.639640
vt 1.000000 0.500000
vt 0.375000 0.908686
vt 0.346136 0.588843
vt 0.280310 0.751236
vt 0.280310 0.583046
vt 0.280310 0.500000
vt 0.250000 1.000000
vt 0.250000 0.865626
vt 0.257444 0.865626
vt 0.278570 0.795011
vt 0.125000 1.000000
vt 0.153864 0.908687
vt 0.062500 0.500000
vt 0.000000 1.000000
vt 0.000000 0.500000
vt 0.219689 0.500000
vt 0.219689 0.583046
vt 0.219689 0.751236
vt 0.242555 0.865626
vt 0.221430 0.795011
s 0
usemtl outside
f 791/333/477 858/334/477 793/335/477
f 789/336/477 860/337/477 788/338/477
f 793/335/478 799/339/478 791/333/478
f 799/339/479 798/340/479 796/341/479
f 798/340/480 788/342/480 796/341/480
f 796/341/481 873/343/481 872/344/481
f 802/345/482 910/346/482 908/347/482
f 928/348/483 884/349/483 882/350/483
f 792/351/483 900/352/483 899/353/483
f 929/354/484 885/355/484 884/349/484
f 795/356/484 899/353/484 904/357/484
f 930/358/485 883/359/485 885/355/485
f 800/360/485 904/357/485 903/361/485
f 931/362/486 865/363/486 883/359/486
f 803/364/486 903/361/486 901/365/486
f 932/366/487 869/367/487 865/363/487
f 805/368/487 901/365/487 905/369/487
f 933/370/488 875/371/488 869/367/488
f 807/372/488 905/369/488 907/373/488
f 934/374/489 873/375/489 875/371/489
f 809/376/489 907/373/489 909/377/489
f 935/378/490 872/379/490 873/375/490
f 811/380/490 909/377/490 908/381/490
f 936/382/491 874/383/491 872/379/491
f 813/384/491 908/381/491 910/385/491
f 938/386/492 874/383/492 937/387/492
f 815/388/492 910/385/492 911/389/492
f 939/390/493 871/391/493 938/386/493
f 817/392/493 911/389/493 906/393/493
f 940/394/494 870/395/494 939/390/494
f 819/345/494 906/393/494 902/396/494
f 940/394/495 868/397/495 866/398/495
f 821/399/495 902/396/495 895/400/495
f 942/401/496 868/397/496 941/402/496
f 823/403/496 895/400/496 896/404/496
f 943/405/497 867/406/497 942/401/497
f 825/407/497 896/404/497 897/408/497
f 944/409/498 864/410/498 943/405/498
f 893/411/498 825/407/498 897/408/498
f 945/412/499 863/413/499 944/409/499
f 894/414/499 827/415/499 893/411/499
f 946/416/500 862/417/500 945/412/500
f 829/418/500 892/419/500 831/420/500
f 947/421/501 886/422/501 946/416/501
f 833/423/501 892/419/501 891/424/501
f 948/342/502 878/425/502 947/421/502
f 835/339/502 891/424/502 889/426/502
f 949/427/503 837/428/503 861/429/503
f 837/428/504 950/430/504 839/431/504
f 839/431/505 951/432/505 841/433/505
f 951/432/506 912/434/506 913/435/506
f 844/436/507 954/437/507 846/438/507
f 954/437/508 848/439/508 846/438/508
f 859/440/509 848/439/509 955/441/509
f 876/442/510 957/443/510 877/444/510
f 888/445/510 850/446/510 887/447/510
f 957/443/511 879/448/511 877/444/511
f 890/449/511 852/450/511 888/445/511
f 958/451/512 881/452/512 879/448/512
f 856/453/512 890/449/512 898/454/512
f 959/455/513 882/456/513 881/452/513
f 900/457/513 856/453/513 898/454/513
f 953/458/514 925/459/514 920/460/514
f 794/461/481 928/462/481 790/463/481
f 797/464/481 929/465/481 794/461/481
f 801/466/481 930/467/481 797/464/481
f 804/468/481 931/469/481 801/466/481
f 806/470/481 932/471/481 804/468/481
f 808/472/481 933/465/481 806/470/481
f 810/473/481 934/467/481 808/472/481
f 812/474/481 935/469/481 810/473/481
f 812/474/481 937/475/481 936/471/481
f 814/476/481 938/477/481 937/475/481
f 816/478/481 939/479/481 938/477/481
f 818/480/481 940/481/481 939/479/481
f 820/482/481 941/483/481 940/481/481
f 822/484/481 942/485/481 941/483/481
f 824/486/481 943/487/481 942/485/481
f 826/488/481 944/489/481 943/487/481
f 830/490/481 944/489/481 828/491/481
f 832/492/481 945/493/481 830/490/481
f 834/494/481 946/495/481 832/492/481
f 836/496/481 947/497/481 834/494/481
f 838/498/481 948/499/481 836/496/481
f 840/500/481 949/501/481 838/498/481
f 842/502/481 950/503/481 840/500/481
f 843/504/481 951/505/481 842/502/481
f 843/504/481 953/506/481 952/507/481
f 845/508/481 954/509/481 953/506/481
f 847/510/481 955/511/481 954/509/481
f 849/512/481 956/513/481 955/511/481
f 851/514/481 957/515/481 956/513/481
f 853/516/481 958/517/481 957/515/481
f 857/518/481 928/462/481 959/519/481
f 855/520/481 959/519/481 958/517/481
f 791/333/477 861/521/477 858/334/477
f 789/336/477 859/522/477 860/337/477
f 793/335/478 802/345/478 799/339/478
f 799/339/479 802/345/479 798/340/479
f 798/340/480 789/394/480 788/342/480
f 880/523/481 861/524/481 791/446/481
f 791/446/481 799/339/481 796/341/481
f 788/525/481 860/526/481 876/527/481
f 788/525/481 876/527/481 877/528/481
f 878/529/481 880/523/481 791/446/481
f 886/530/481 878/529/481 791/446/481
f 788/525/481 877/528/481 879/531/481
f 788/525/481 879/531/481 881/532/481
f 862/533/481 886/530/481 791/446/481
f 863/534/481 862/533/481 791/446/481
f 796/341/481 788/525/481 881/532/481
f 796/341/481 881/532/481 882/535/481
f 864/536/481 863/534/481 791/446/481
f 867/537/481 864/536/481 791/446/481
f 796/341/481 882/535/481 884/538/481
f 796/341/481 884/538/481 885/539/481
f 867/537/481 791/446/481 796/341/481
f 868/540/481 867/537/481 796/341/481
f 796/341/481 885/539/481 883/541/481
f 796/341/481 883/541/481 865/542/481
f 866/543/481 868/540/481 796/341/481
f 870/544/481 866/543/481 796/341/481
f 796/341/481 865/542/481 869/545/481
f 796/341/481 869/545/481 875/546/481
f 871/547/481 870/544/481 796/341/481
f 874/548/481 871/547/481 796/341/481
f 796/341/481 875/546/481 873/343/481
f 872/344/481 874/548/481 796/341/481
f 887/549/482 859/550/482 789/551/482
f 789/551/482 798/340/482 802/345/482
f 793/364/482 858/552/482 889/553/482
f 793/364/482 889/553/482 891/554/482
f 888/555/482 887/549/482 789/551/482
f 890/556/482 888/555/482 789/551/482
f 793/364/482 891/554/482 892/557/482
f 793/364/482 892/557/482 894/558/482
f 898/559/482 890/556/482 789/551/482
f 900/560/482 898/559/482 789/551/482
f 802/345/482 793/364/482 894/558/482
f 802/345/482 894/558/482 893/561/482
f 899/562/482 900/560/482 789/551/482
f 904/563/482 899/562/482 789/551/482
f 802/345/482 893/561/482 897/564/482
f 802/345/482 897/564/482 896/565/482
f 904/563/482 789/551/482 802/345/482
f 903/566/482 904/563/482 802/345/482
f 802/345/482 896/565/482 895/567/482
f 802/345/482 895/567/482 902/568/482
f 901/569/482 903/566/482 802/345/482
f 905/570/482 901/569/482 802/345/482
f 802/345/482 902/568/482 906/571/482
f 802/345/482 906/571/482 911/572/482
f 907/573/482 905/570/482 802/345/482
f 909/574/482 907/573/482 802/345/482
f 802/345/482 911/572/482 910/346/482
f 908/347/482 909/574/482 802/345/482
f 928/348/483 929/354/483 884/349/483
f 792/351/483 787/575/483 900/352/483
f 929/354/484 930/358/484 885/355/484
f 795/356/484 792/351/484 899/353/484
f 930/358/485 931/362/485 883/359/485
f 800/360/485 795/356/485 904/357/485
f 931/362/486 932/366/486 865/363/486
f 803/364/486 800/360/486 903/361/486
f 932/366/487 933/370/487 869/367/487
f 805/368/487 803/364/487 901/365/487
f 933/370/488 934/374/488 875/371/488
f 807/372/488 805/368/488 905/369/488
f 934/374/489 935/378/489 873/375/489
f 809/376/489 807/372/489 907/373/489
f 935/378/490 936/382/490 872/379/490
f 811/380/490 809/376/490 909/377/490
f 936/382/491 937/387/491 874/383/491
f 813/384/491 811/380/491 908/381/491
f 938/386/492 871/391/492 874/383/492
f 815/388/492 813/384/492 910/385/492
f 939/390/493 870/395/493 871/391/493
f 817/392/493 815/388/493 911/389/493
f 940/394/494 866/398/494 870/395/494
f 819/345/494 817/392/494 906/393/494
f 940/394/495 941/402/495 868/397/495
f 821/399/495 819/345/495 902/396/495
f 942/401/496 867/406/496 868/397/496
f 823/403/496 821/399/496 895/400/496
f 943/405/497 864/410/497 867/406/497
f 825/407/497 823/403/497 896/404/497
f 944/409/498 863/413/498 864/410/498
f 893/411/498 827/415/498 825/407/498
f 945/412/499 862/417/499 863/413/499
f 894/414/499 829/418/499 827/415/499
f 946/416/500 886/422/500 862/417/500
f 829/418/500 894/414/500 892/419/500
f 947/421/501 878/425/501 886/422/501
f 833/423/501 831/420/501 892/419/501
f 948/342/502 880/576/502 878/425/502
f 835/339/502 833/423/502 891/424/502
f 861/429/503 880/576/503 948/342/503
f 837/428/503 835/339/503 889/426/503
f 837/428/503 889/426/503 858/577/503
f 861/429/503 948/342/503 949/427/503
f 837/428/503 858/577/503 861/429/503
f 837/428/504 949/427/504 950/430/504
f 839/431/505 950/430/505 951/432/505
f 914/578/515 915/579/515 926/580/515
f 926/580/506 841/433/506 951/432/506
f 951/432/506 952/581/506 918/582/506
f 951/432/506 918/582/506 917/583/506
f 914/578/516 926/580/516 951/432/516
f 916/584/506 914/578/506 951/432/506
f 951/432/506 917/583/506 912/434/506
f 913/435/506 916/584/506 951/432/506
f 844/436/507 953/458/507 954/437/507
f 954/437/508 955/441/508 848/439/508
f 859/440/509 887/447/509 850/446/509
f 955/441/509 956/585/509 876/442/509
f 955/441/509 876/442/509 860/586/509
f 859/440/509 850/446/509 848/439/509
f 955/441/509 860/586/509 859/440/509
f 876/442/510 956/585/510 957/443/510
f 888/445/510 852/450/510 850/446/510
f 957/443/511 958/451/511 879/448/511
f 890/449/511 854/587/511 852/450/511
f 958/451/512 959/455/512 881/452/512
f 856/453/512 854/587/512 890/449/512
f 959/455/513 928/588/513 882/456/513
f 900/457/513 787/589/513 856/453/513
f 918/582/514 952/581/514 953/458/514
f 953/458/514 844/436/514 927/590/514
f 927/590/517 923/591/517 922/592/517
f 953/458/514 927/590/514 922/592/514
f 921/582/518 918/582/518 953/458/518
f 919/593/514 921/582/514 953/458/514
f 953/458/514 922/592/514 924/594/514
f 953/458/514 924/594/514 925/459/514
f 920/460/514 919/593/514 953/458/514
f 794/461/481 929/465/481 928/462/481
f 797/464/481 930/467/481 929/465/481
f 801/466/481 931/469/481 930/467/481
f 804/468/481 932/471/481 931/469/481
f 806/470/481 933/465/481 932/471/481
f 808/472/481 934/467/481 933/465/481
f 810/473/481 935/469/481 934/467/481
f 812/474/481 936/471/481 935/469/481
f 812/474/481 814/476/481 937/475/481
f 814/476/481 816/478/481 938/477/481
f 816/478/481 818/480/481 939/479/481
f 818/480/481 820/482/481 940/481/481
f 820/482/481 822/484/481 941/483/481
f 822/484/481 824/486/481 942/485/481
f 824/486/481 826/488/481 943/487/481
f 826/488/481 828/491/481 944/489/481
f 830/490/481 945/493/481 944/489/481
f 832/492/481 946/495/481 945/493/481
f 834/494/481 947/497/481 946/495/481
f 836/496/481 948/499/481 947/497/481
f 838/498/481 949/501/481 948/499/481
f 840/500/481 950/503/481 949/501/481
f 842/502/481 951/505/481 950/503/481
f 843/504/481 952/507/481 951/505/481
f 843/504/481 845/508/481 953/506/481
f 845/508/481 847/510/481 954/509/481
f 847/510/481 849/512/481 955/511/481
f 849/512/481 851/514/481 956/513/481
f 851/514/481 853/516/481 957/515/481
f 853/516/481 855/520/481 958/517/481
f 857/518/481 790/463/481 928/462/481
f 855/520/481 857/518/481 959/519/481
o walls.001
v -10.123240 10.123238 19.973856
v -7.953785 11.903666 19.973856
v 11.903670 7.953781 19.973856
v 13.226648 5.478660 19.973856
v -5.478664 13.226647 19.973856
v 14.041338 2.792998 19.973856
v -2.793002 14.041337 19.973856
v 14.316422 0.000002 19.973856
v -0.000007 14.316422 19.973856
v 2.792988 14.041338 19.973856
v 14.041336 -2.792993 19.973856
v 13.226649 -5.478654 19.973856
v 5.478650 13.226652 19.973856
v 7.953772 11.903673 19.973856
v 11.903671 -7.953776 19.973856
v 10.123238 -10.123236 19.973856
v 10.123233 10.123243 19.973856
v -11.903667 7.953782 19.973856
v -7.953778 -11.903671 19.973856
v -5.478657 -13.226648 19.973856
v -13.226648 5.478660 19.973856
v -2.792994 -14.041336 19.973856
v -14.041335 2.792999 19.973856
v 0.000001 -14.316422 19.973856
v -14.316422 0.000003 19.973856
v -14.041337 -2.792992 19.973856
v 2.792996 -14.041336 19.973856
v 5.478657 -13.226646 19.973856
v -13.226648 -5.478654 19.973856
v -11.903670 -7.953773 19.973856
v 7.953777 -11.903668 19.973856
v -10.123240 -10.123235 19.973856
v -10.566840 10.361976 -0.551578
v -8.587688 11.986227 -0.551578
v 9.527879 8.382823 -0.551578
v 10.734807 6.124819 -0.551578
v -6.329685 13.193156 -0.551578
v 11.478029 3.674742 -0.551578
v -3.879608 13.936380 -0.551578
v 11.728986 1.126746 -0.551578
v -1.331613 14.187336 -0.551578
v 1.216382 13.936382 -0.551578
v 11.478030 -1.421249 -0.551578
v 10.734807 -3.871325 -0.551578
v 3.666459 13.193161 -0.551578
v 5.924464 11.986233 -0.551578
v 9.527880 -6.129330 -0.551578
v 7.903624 -8.108485 -0.551578
v 7.903620 10.361980 -0.551578
v -12.191092 8.382824 -0.551578
v -8.587682 -9.732742 -0.551578
v -6.329679 -10.939670 -0.551578
v -13.398020 6.124819 -0.551578
v -3.879601 -11.682892 -0.551578
v -14.141244 3.674742 -0.551578
v -1.331606 -11.933848 -0.551578
v -14.392199 1.126747 -0.551578
v -14.141243 -1.421247 -0.551578
v 1.216389 -11.682890 -0.551578
v 3.666465 -10.939668 -0.551578
v -13.398021 -3.871324 -0.551578
v -12.191092 -6.129327 -0.551578
v 5.924469 -9.732738 -0.551578
v -10.566841 -8.108485 -0.551578
vn -0.8815 -0.4712 -0.0295
vn -0.9515 -0.2886 0.1064
vn -0.7722 -0.6337 -0.0455
vn -0.9881 -0.0973 0.1192
vn -0.4699 -0.8792 -0.0785
vn -0.9868 0.0972 0.1297
vn -0.2890 -0.9527 -0.0942
vn -0.9478 0.2875 0.1376
vn -0.0974 -0.9893 -0.1085
vn -0.8729 0.4666 0.1425
vn 0.6342 -0.7728 -0.0227
vn 0.0973 -0.9879 -0.1210
vn -0.7649 0.6278 0.1443
vn 0.4713 -0.8818 -0.0181
vn 0.2878 -0.9487 -0.1311
vn -0.7708 -0.6326 0.0760
vn 0.2903 -0.9569 -0.0105
vn 0.4669 -0.8734 -0.1385
vn -0.7728 0.6342 0.0241
vn 0.0980 -0.9952 -0.0001
vn 0.6279 -0.7651 -0.1430
vn -0.8817 0.4713 0.0222
vn -0.0980 -0.9951 0.0126
vn -0.6332 -0.7715 -0.0620
vn -0.9568 0.2902 0.0171
vn -0.2902 -0.9566 0.0272
vn -0.9951 0.0980 0.0091
vn -0.4710 -0.8811 0.0430
vn -0.9952 -0.0980 -0.0017
vn -0.6333 -0.7716 0.0595
vn -0.9568 -0.2903 -0.0147
vn -0.8782 -0.4694 0.0918
vt 0.000000 0.000000
s 0
usemtl glass
f 988/595/519 1021/595/519 989/595/519
f 963/595/520 997/595/520 965/595/520
f 989/595/521 1023/595/521 991/595/521
f 965/595/522 999/595/522 967/595/522
f 978/595/523 1011/595/523 979/595/523
f 967/595/524 1002/595/524 970/595/524
f 979/595/525 1013/595/525 981/595/525
f 970/595/526 1003/595/526 971/595/526
f 981/595/527 1015/595/527 983/595/527
f 971/595/528 1006/595/528 974/595/528
f 960/595/529 993/595/529 961/595/529
f 983/595/530 1018/595/530 986/595/530
f 974/595/531 1007/595/531 975/595/531
f 961/595/532 996/595/532 964/595/532
f 986/595/533 1019/595/533 987/595/533
f 976/595/534 994/595/534 962/595/534
f 964/595/535 998/595/535 966/595/535
f 987/595/536 1022/595/536 990/595/536
f 960/595/537 1009/595/537 977/595/537
f 966/595/538 1000/595/538 968/595/538
f 990/595/539 1007/595/539 975/595/539
f 977/595/540 1012/595/540 980/595/540
f 968/595/541 1001/595/541 969/595/541
f 991/595/542 1010/595/542 978/595/542
f 980/595/543 1014/595/543 982/595/543
f 969/595/544 1004/595/544 972/595/544
f 982/595/545 1016/595/545 984/595/545
f 972/595/546 1005/595/546 973/595/546
f 984/595/547 1017/595/547 985/595/547
f 973/595/548 1008/595/548 976/595/548
f 985/595/549 1020/595/549 988/595/549
f 962/595/550 995/595/550 963/595/550
f 988/595/519 1020/595/519 1021/595/519
f 963/595/520 995/595/520 997/595/520
f 989/595/521 1021/595/521 1023/595/521
f 965/595/522 997/595/522 999/595/522
f 978/595/523 1010/595/523 1011/595/523
f 967/595/524 999/595/524 1002/595/524
f 979/595/525 1011/595/525 1013/595/525
f 970/595/526 1002/595/526 1003/595/526
f 981/595/527 1013/595/527 1015/595/527
f 971/595/528 1003/595/528 1006/595/528
f 960/595/529 992/595/529 993/595/529
f 983/595/530 1015/595/530 1018/595/530
f 974/595/531 1006/595/531 1007/595/531
f 961/595/532 993/595/532 996/595/532
f 986/595/533 1018/595/533 1019/595/533
f 976/595/534 1008/595/534 994/595/534
f 964/595/535 996/595/535 998/595/535
f 987/595/536 1019/595/536 1022/595/536
f 960/595/537 992/595/537 1009/595/537
f 966/595/538 998/595/538 1000/595/538
f 990/595/539 1022/595/539 1007/595/539
f 977/595/540 1009/595/540 1012/595/540
f 968/595/541 1000/595/541 1001/595/541
f 991/595/542 1023/595/542 1010/595/542
f 980/595/543 1012/595/543 1014/595/543
f 969/595/544 1001/595/544 1004/595/544
f 982/595/545 1014/595/545 1016/595/545
f 972/595/546 1004/595/546 1005/595/546
f 984/595/547 1016/595/547 1017/595/547
f 973/595/548 1005/595/548 1008/595/548
f 985/595/549 1017/595/549 1020/595/549
f 962/595/550 994/595/550 995/595/550
o walls.002
v -14.054893 -1.243260 -0.542105
v -14.252472 -1.257650 -0.542105
v -14.338822 -1.435638 -0.551579
v -14.227593 -1.599235 -0.561052
v -14.030014 -1.584845 -0.561052
v -13.943664 -1.406857 -0.551578
v -13.954986 -2.615004 19.983330
v -14.152566 -2.629394 19.983330
v -14.238916 -2.807382 19.973856
v -14.127687 -2.970979 19.964382
v -13.930107 -2.956589 19.964382
v -13.843757 -2.778601 19.973856
v 5.757759 12.092149 -0.537619
v 5.749706 11.894209 -0.537619
v 5.916411 11.788293 -0.551578
v 6.091169 11.880317 -0.565537
v 6.099223 12.078257 -0.565537
v 5.932517 12.184173 -0.551578
v 7.787066 12.009589 19.987816
v 7.779013 11.811649 19.987816
v 7.945719 11.705733 19.973856
v 8.120478 11.797757 19.959896
v 8.128531 11.995697 19.959896
v 7.961824 12.101613 19.973856
v -13.346240 6.315968 -0.546967
v -13.537724 6.265183 -0.546967
v -13.589503 6.074035 -0.551579
v -13.449800 5.933670 -0.556190
v -13.258317 5.984455 -0.556189
v -13.206536 6.175603 -0.551578
v -13.174869 5.669808 19.978468
v -13.366352 5.619024 19.978468
v -13.418131 5.427876 19.973856
v -13.278429 5.287511 19.969244
v -13.086946 5.338296 19.969244
v -13.035166 5.529445 19.973856
v -1.511634 14.269402 -0.542362
v -1.492519 14.072223 -0.542362
v -1.312499 13.990158 -0.551578
v -1.151593 14.105271 -0.560794
v -1.170708 14.302450 -0.560794
v -1.350728 14.384515 -0.551578
v -0.180027 14.398488 19.983072
v -0.160913 14.201309 19.983072
v 0.019107 14.119245 19.973856
v 0.180013 14.234358 19.964640
v 0.160899 14.431537 19.964640
v -0.019122 14.513601 19.973856
v 5.880674 -9.540837 -0.531247
v 5.735953 -9.676118 -0.531247
v 5.779747 -9.868019 -0.551578
v 5.968263 -9.924640 -0.571910
v 6.112984 -9.789360 -0.571910
v 6.069189 -9.597459 -0.551578
v 7.909982 -11.711767 19.994188
v 7.765261 -11.847048 19.994188
v 7.809056 -12.038949 19.973856
v 7.997571 -12.095570 19.953524
v 8.142292 -11.960290 19.953524
v 8.098498 -11.768389 19.973856
v -8.744953 12.106598 -0.547168
v -8.770538 11.910154 -0.547169
v -8.613274 11.789783 -0.551578
v -8.430424 11.865856 -0.555988
v -8.404839 12.062300 -0.555988
v -8.562103 12.182671 -0.551578
v -8.111050 12.024037 19.978266
v -8.136634 11.827594 19.978266
v -7.979370 11.707223 19.973856
v -7.796520 11.783296 19.969446
v -7.770935 11.979739 19.969446
v -7.928200 12.100110 19.973856
v -1.328238 -11.736846 -0.532879
v -1.501165 -11.833494 -0.532879
v -1.504534 -12.030496 -0.551578
v -1.334974 -12.130850 -0.570277
v -1.162047 -12.034203 -0.570277
v -1.158679 -11.837200 -0.551578
v 0.003369 -14.119420 19.992556
v -0.169558 -14.216067 19.992556
v -0.172927 -14.413070 19.973856
v -0.003368 -14.513424 19.955156
v 0.169560 -14.416776 19.955156
v 0.172928 -14.219774 19.973856
v 10.645553 -3.695883 -0.531290
v 10.538171 -3.862358 -0.531290
v 10.627424 -4.037800 -0.551578
v 10.824060 -4.046768 -0.571867
v 10.931442 -3.880293 -0.571867
v 10.842189 -3.704850 -0.551578
v 13.137396 -5.303212 19.994144
v 13.030014 -5.469687 19.994144
v 13.119267 -5.645129 19.973856
v 13.315904 -5.654096 19.953568
v 13.423285 -5.487622 19.953568
v 13.334032 -5.312180 19.973856
v -8.096706 -11.767569 19.989386
v -7.906545 -11.712042 19.989386
v -7.763616 -11.848145 19.973856
v -7.810849 -12.039773 19.958326
v -8.001010 -12.095301 19.958326
v -8.143939 -11.959197 19.973856
v -8.730612 -9.596641 -0.536049
v -8.540450 -9.541113 -0.536049
v -8.397520 -9.677216 -0.551578
v -8.444753 -9.868844 -0.567107
v -8.634914 -9.924372 -0.567107
v -8.777844 -9.788269 -0.551578
v 11.349173 3.823814 -0.533006
v 11.284733 3.636485 -0.533006
v 11.413589 3.487412 -0.551578
v 11.606886 3.525668 -0.570151
v 11.671326 3.712998 -0.570151
v 11.542469 3.862071 -0.551578
v 13.912480 2.942071 19.992428
v 13.848042 2.754741 19.992428
v 13.976898 2.605668 19.973856
v 14.170195 2.643924 19.955284
v 14.234634 2.831254 19.955284
v 14.105776 2.980327 19.973856
vn 0.8274 0.5606 0.0334
vn -0.0725 0.9951 0.0669
vn -0.8999 0.4348 0.0334
vn -0.8274 -0.5606 -0.0334
vn 0.0725 -0.9951 -0.0669
vn 0.8999 -0.4348 -0.0334
vn -0.4623 0.8854 0.0493
vn -0.9943 0.0405 0.0985
vn -0.5327 -0.8449 0.0493
vn 0.4623 -0.8854 -0.0493
vn 0.9943 -0.0405 -0.0985
vn 0.5327 0.8449 -0.0493
vn 0.7089 0.7051 0.0163
vn -0.2562 0.9661 0.0326
vn -0.9652 0.2611 0.0163
vn -0.7089 -0.7051 -0.0163
vn 0.2562 -0.9661 -0.0326
vn 0.9652 -0.2611 -0.0163
vn -0.5803 0.8138 0.0325
vn -0.9932 -0.0963 0.0650
vn -0.4132 -0.9101 0.0325
vn 0.5803 -0.8138 -0.0325
vn 0.9932 0.0963 -0.0650
vn 0.4132 0.9101 -0.0325
vn 0.2940 0.9531 0.0717
vn -0.6758 0.7230 0.1433
vn -0.9707 -0.2291 0.0717
vn -0.2940 -0.9531 -0.0717
vn 0.6758 -0.7230 -0.1433
vn 0.9707 0.2291 -0.0717
vn -0.3837 0.9233 0.0156
vn -0.9911 0.1291 0.0311
vn -0.6075 -0.7942 0.0156
vn 0.3838 -0.9233 -0.0156
vn 0.9911 -0.1291 -0.0311
vn 0.6074 0.7942 -0.0156
vn 0.5136 0.8555 0.0660
vn -0.4836 0.8653 0.1318
vn -0.9978 0.0108 0.0660
vn -0.5136 -0.8555 -0.0660
vn 0.4836 -0.8653 -0.1318
vn 0.9978 -0.0108 -0.0660
vn 0.0528 0.9960 0.0716
vn -0.8317 0.5365 0.1430
vn -0.8856 -0.4588 0.0716
vn -0.0528 -0.9960 -0.0716
vn 0.8317 -0.5365 -0.1430
vn 0.8856 0.4588 -0.0716
vn -0.9705 0.2348 0.0548
vn -0.2786 0.9541 0.1095
vn 0.6917 0.7201 0.0548
vn 0.9705 -0.2348 -0.0548
vn 0.2786 -0.9541 -0.1095
vn -0.6917 -0.7201 -0.0548
vn -0.1877 0.9800 0.0655
vn -0.9375 0.3225 0.1309
vn -0.7509 -0.6572 0.0655
vn 0.1877 -0.9800 -0.0655
vn 0.9375 -0.3225 -0.1309
vn 0.7509 0.6572 -0.0655
vt 0.000000 1.000000
vt 1.000000 1.000000
vt 1.000000 0.833333
vt 0.000000 0.833333
vt 0.000000 0.166667
vt 1.000000 0.166667
vt 1.000000 0.000000
vt 0.000000 0.000000
vt 0.000000 0.333333
vt 1.000000 0.333333
vt 0.000000 0.500000
vt 1.000000 0.500000
vt 0.000000 0.666667
vt 1.000000 0.666667
s 0
usemtl roof
f 1024/596/551 1030/597/551 1035/598/551 1029/599/551
f 1025/600/552 1031/601/552 1030/602/552 1024/603/552
f 1026/604/553 1032/605/553 1031/601/553 1025/600/553
f 1027/606/554 1033/607/554 1032/605/554 1026/604/554
f 1028/608/555 1034/609/555 1033/607/555 1027/606/555
f 1029/599/556 1035/598/556 1034/609/556 1028/608/556
f 1036/596/557 1042/597/557 1047/598/557 1041/599/557
f 1037/600/558 1043/601/558 1042/602/558 1036/603/558
f 1038/604/559 1044/605/559 1043/601/559 1037/600/559
f 1039/606/560 1045/607/560 1044/605/560 1038/604/560
f 1040/608/561 1046/609/561 1045/607/561 1039/606/561
f 1041/599/562 1047/598/562 1046/609/562 1040/608/562
f 1048/596/563 1054/597/563 1059/598/563 1053/599/563
f 1049/600/564 1055/601/564 1054/602/564 1048/603/564
f 1050/604/565 1056/605/565 1055/601/565 1049/600/565
f 1051/606/566 1057/607/566 1056/605/566 1050/604/566
f 1052/608/567 1058/609/567 1057/607/567 1051/606/567
f 1053/599/568 1059/598/568 1058/609/568 1052/608/568
f 1060/596/569 1066/597/569 1071/598/569 1065/599/569
f 1061/600/570 1067/601/570 1066/602/570 1060/603/570
f 1062/604/571 1068/605/571 1067/601/571 1061/600/571
f 1063/606/572 1069/607/572 1068/605/572 1062/604/572
f 1064/608/573 1070/609/573 1069/607/573 1063/606/573
f 1065/599/574 1071/598/574 1070/609/574 1064/608/574
f 1072/596/575 1078/597/575 1083/598/575 1077/599/575
f 1073/600/576 1079/601/576 1078/602/576 1072/603/576
f 1074/604/577 1080/605/577 1079/601/577 1073/600/577
f 1075/606/578 1081/607/578 1080/605/578 1074/604/578
f 1076/608/579 1082/609/579 1081/607/579 1075/606/579
f 1077/599/580 1083/598/580 1082/609/580 1076/608/580
f 1084/596/581 1090/597/581 1095/598/581 1089/599/581
f 1085/600/582 1091/601/582 1090/602/582 1084/603/582
f 1086/604/583 1092/605/583 1091/601/583 1085/600/583
f 1087/606/584 1093/607/584 1092/605/584 1086/604/584
f 1088/608/585 1094/609/585 1093/607/585 1087/606/585
f 1089/599/586 1095/598/586 1094/609/586 1088/608/586
f 1096/596/587 1102/597/587 1107/598/587 1101/599/587
f 1097/600/588 1103/601/588 1102/602/588 1096/603/588
f 1098/604/589 1104/605/589 1103/601/589 1097/600/589
f 1099/606/590 1105/607/590 1104/605/590 1098/604/590
f 1100/608/591 1106/609/591 1105/607/591 1099/606/591
f 1101/599/592 1107/598/592 1106/609/592 1100/608/592
f 1108/596/593 1114/597/593 1119/598/593 1113/599/593
f 1109/600/594 1115/601/594 1114/602/594 1108/603/594
f 1110/604/595 1116/605/595 1115/601/595 1109/600/595
f 1111/606/596 1117/607/596 1116/605/596 1110/604/596
f 1112/608/597 1118/609/597 1117/607/597 1111/606/597
f 1113/599/598 1119/598/598 1118/609/598 1112/608/598
f 1120/596/599 1126/597/599 1131/598/599 1125/599/599
f 1121/600/600 1127/601/600 1126/602/600 1120/603/600
f 1122/604/601 1128/605/601 1127/601/601 1121/600/601
f 1123/606/602 1129/607/602 1128/605/602 1122/604/602
f 1124/608/603 1130/609/603 1129/607/603 1123/606/603
f 1125/599/604 1131/598/604 1130/609/604 1124/608/604
f 1132/596/605 1138/597/605 1143/598/605 1137/599/605
f 1133/600/606 1139/601/606 1138/602/606 1132/603/606
f 1134/604/607 1140/605/607 1139/601/607 1133/600/607
f 1135/606/608 1141/607/608 1140/605/608 1134/604/608
f 1136/608/609 1142/609/609 1141/607/609 1135/606/609
f 1137/599/610 1143/598/610 1142/609/610 1136/608/610
o walls.002
v -14.054893 -1.243260 -0.542105
v -14.252472 -1.257650 -0.542105
v -14.338822 -1.435638 -0.551579
v -14.227593 -1.599235 -0.561052
v -14.030014 -1.584845 -0.561052
v -13.943664 -1.406857 -0.551578
v -13.954986 -2.615004 19.983330
v -14.152566 -2.629394 19.983330
v -14.238916 -2.807382 19.973856
v -14.127687 -2.970979 19.964382
v -13.930107 -2.956589 19.964382
v -13.843757 -2.778601 19.973856
v 5.757759 12.092149 -0.537619
v 5.749706 11.894209 -0.537619
v 5.916411 11.788293 -0.551578
v 6.091169 11.880317 -0.565537
v 6.099223 12.078257 -0.565537
v 5.932517 12.184173 -0.551578
v 7.787066 12.009589 19.987816
v 7.779013 11.811649 19.987816
v 7.945719 11.705733 19.973856
v 8.120478 11.797757 19.959896
v 8.128531 11.995697 19.959896
v 7.961824 12.101613 19.973856
v -13.346240 6.315968 -0.546967
v -13.537724 6.265183 -0.546967
v -13.589503 6.074035 -0.551579
v -13.449800 5.933670 -0.556190
v -13.258317 5.984455 -0.556189
v -13.206536 6.175603 -0.551578
v -13.174869 5.669808 19.978468
v -13.366352 5.619024 19.978468
v -13.418131 5.427876 19.973856
v -13.278429 5.287511 19.969244
v -13.086946 5.338296 19.969244
v -13.035166 5.529445 19.973856
v -1.511634 14.269402 -0.542362
v -1.492519 14.072223 -0.542362
v -1.312499 13.990158 -0.551578
v -1.151593 14.105271 -0.560794
v -1.170708 14.302450 -0.560794
v -1.350728 14.384515 -0.551578
v -0.180027 14.398488 19.983072
v -0.160913 14.201309 19.983072
v 0.019107 14.119245 19.973856
v 0.180013 14.234358 19.964640
v 0.160899 14.431537 19.964640
v -0.019122 14.513601 19.973856
v 5.880674 -9.540837 -0.531247
v 5.735953 -9.676118 -0.531247
v 5.779747 -9.868019 -0.551578
v 5.968263 -9.924640 -0.571910
v 6.112984 -9.789360 -0.571910
v 6.069189 -9.597459 -0.551578
v 7.909982 -11.711767 19.994188
v 7.765261 -11.847048 19.994188
v 7.809056 -12.038949 19.973856
v 7.997571 -12.095570 19.953524
v 8.142292 -11.960290 19.953524
v 8.098498 -11.768389 19.973856
v -8.744953 12.106598 -0.547168
v -8.770538 11.910154 -0.547169
v -8.613274 11.789783 -0.551578
v -8.430424 11.865856 -0.555988
v -8.404839 12.062300 -0.555988
v -8.562103 12.182671 -0.551578
v -8.111050 12.024037 19.978266
v -8.136634 11.827594 19.978266
v -7.979370 11.707223 19.973856
v -7.796520 11.783296 19.969446
v -7.770935 11.979739 19.969446
v -7.928200 12.100110 19.973856
v -1.328238 -11.736846 -0.532879
v -1.501165 -11.833494 -0.532879
v -1.504534 -12.030496 -0.551578
v -1.334974 -12.130850 -0.570277
v -1.162047 -12.034203 -0.570277
v -1.158679 -11.837200 -0.551578
v 0.003369 -14.119420 19.992556
v -0.169558 -14.216067 19.992556
v -0.172927 -14.413070 19.973856
v -0.003368 -14.513424 19.955156
v 0.169560 -14.416776 19.955156
v 0.172928 -14.219774 19.973856
v 10.645553 -3.695883 -0.531290
v 10.538171 -3.862358 -0.531290
v 10.627424 -4.037800 -0.551578
v 10.824060 -4.046768 -0.571867
v 10.931442 -3.880293 -0.571867
v 10.842189 -3.704850 -0.551578
v 13.137396 -5.303212 19.994144
v 13.030014 -5.469687 19.994144
v 13.119267 -5.645129 19.973856
v 13.315904 -5.654096 19.953568
v 13.423285 -5.487622 19.953568
v 13.334032 -5.312180 19.973856
v -8.096706 -11.767569 19.989386
v -7.906545 -11.712042 19.989386
v -7.763616 -11.848145 19.973856
v -7.810849 -12.039773 19.958326
v -8.001010 -12.095301 19.958326
v -8.143939 -11.959197 19.973856
v -8.730612 -9.596641 -0.536049
v -8.540450 -9.541113 -0.536049
v -8.397520 -9.677216 -0.551578
v -8.444753 -9.868844 -0.567107
v -8.634914 -9.924372 -0.567107
v -8.777844 -9.788269 -0.551578
v 11.349173 3.823814 -0.533006
v 11.284733 3.636485 -0.533006
v 11.413589 3.487412 -0.551578
v 11.606886 3.525668 -0.570151
v 11.671326 3.712998 -0.570151
v 11.542469 3.862071 -0.551578
v 13.912480 2.942071 19.992428
v 13.848042 2.754741 19.992428
v 13.976898 2.605668 19.973856
v 14.170195 2.643924 19.955284
v 14.234634 2.831254 19.955284
v 14.105776 2.980327 19.973856
vn 0.8274 0.5606 0.0334
vn -0.0725 0.9951 0.0669
vn -0.8999 0.4348 0.0334
vn -0.8274 -0.5606 -0.0334
vn 0.0725 -0.9951 -0.0669
vn 0.8999 -0.4348 -0.0334
vn -0.4623 0.8854 0.0493
vn -0.9943 0.0405 0.0985
vn -0.5327 -0.8449 0.0493
vn 0.4623 -0.8854 -0.0493
vn 0.9943 -0.0405 -0.0985
vn 0.5327 0.8449 -0.0493
vn 0.7089 0.7051 0.0163
vn -0.2562 0.9661 0.0326
vn -0.9652 0.2611 0.0163
vn -0.7089 -0.7051 -0.0163
vn 0.2562 -0.9661 -0.0326
vn 0.9652 -0.2611 -0.0163
vn -0.5803 0.8137 0.0325
vn -0.9932 -0.0963 0.0650
vn -0.4132 -0.9101 0.0325
vn 0.5803 -0.8138 -0.0325
vn 0.9932 0.0963 -0.0650
vn 0.4132 0.9101 -0.0325
vn 0.2940 0.9531 0.0717
vn -0.6758 0.7230 0.1433
vn -0.9707 -0.2291 0.0717
vn -0.2940 -0.9531 -0.0717
vn 0.6758 -0.7230 -0.1433
vn 0.9707 0.2291 -0.0717
vn -0.3837 0.9233 0.0156
vn -0.9911 0.1291 0.0311
vn -0.6075 -0.7942 0.0156
vn 0.3838 -0.9233 -0.0156
vn 0.9911 -0.1291 -0.0311
vn 0.6074 0.7942 -0.0156
vn 0.5136 0.8555 0.0660
vn -0.4836 0.8653 0.1318
vn -0.9978 0.0108 0.0660
vn -0.5136 -0.8555 -0.0660
vn 0.4836 -0.8653 -0.1318
vn 0.9978 -0.0108 -0.0660
vn 0.0528 0.9960 0.0716
vn -0.8317 0.5365 0.1430
vn -0.8856 -0.4588 0.0716
vn -0.0528 -0.9960 -0.0716
vn 0.8317 -0.5365 -0.1430
vn 0.8856 0.4588 -0.0716
vn -0.9705 0.2348 0.0548
vn -0.2786 0.9541 0.1095
vn 0.6917 0.7201 0.0548
vn 0.9705 -0.2348 -0.0548
vn 0.2786 -0.9541 -0.1095
vn -0.6917 -0.7201 -0.0548
vn -0.1877 0.9800 0.0655
vn -0.9375 0.3225 0.1309
vn -0.7509 -0.6572 0.0655
vn 0.1877 -0.9800 -0.0655
vn 0.9375 -0.3225 -0.1309
vn 0.7509 0.6572 -0.0655
vn 0.7090 0.7051 0.0163
vn -0.7090 -0.7051 -0.0163
vn -0.5803 0.8138 0.0325
vn 0.5803 -0.8137 -0.0325
vn -0.3838 0.9233 0.0156
vn 0.6075 0.7942 -0.0156
vt 0.000000 1.000000
vt 1.000000 0.833333
vt 0.000000 0.833333
vt 1.000000 0.166667
vt 0.000000 0.000000
vt 0.000000 0.166667
vt 1.000000 0.333333
vt 0.000000 0.333333
vt 1.000000 0.500000
vt 0.000000 0.500000
vt 1.000000 0.666667
vt 0.000000 0.666667
vt 1.000000 1.000000
vt 1.000000 0.000000
s 0
usemtl roof
f 1144/610/611 1155/611/611 1149/612/611
f 1151/613/612 1144/614/612 1145/615/612
f 1152/616/613 1145/615/613 1146/617/613
f 1153/618/614 1146/617/614 1147/619/614
f 1154/620/615 1147/619/615 1148/621/615
f 1155/611/616 1148/621/616 1149/612/616
f 1156/610/617 1167/611/617 1161/612/617
f 1163/613/618 1156/614/618 1157/615/618
f 1158/617/619 1163/613/619 1157/615/619
f 1159/619/620 1164/616/620 1158/617/620
f 1166/620/621 1159/619/621 1160/621/621
f 1161/612/622 1166/620/622 1160/621/622
f 1168/610/623 1179/611/623 1173/612/623
f 1175/613/624 1168/614/624 1169/615/624
f 1176/616/625 1169/615/625 1170/617/625
f 1177/618/626 1170/617/626 1171/619/626
f 1178/620/627 1171/619/627 1172/621/627
f 1173/612/628 1178/620/628 1172/621/628
f 1186/622/629 1185/612/629 1180/610/629
f 1187/613/630 1180/614/630 1181/615/630
f 1188/616/631 1181/615/631 1182/617/631
f 1189/618/632 1182/617/632 1183/619/632
f 1190/620/633 1183/619/633 1184/621/633
f 1191/611/634 1184/621/634 1185/612/634
f 1192/610/635 1203/611/635 1197/612/635
f 1199/613/636 1192/614/636 1193/615/636
f 1194/617/637 1199/613/637 1193/615/637
f 1195/619/638 1200/616/638 1194/617/638
f 1202/620/639 1195/619/639 1196/621/639
f 1203/611/640 1196/621/640 1197/612/640
f 1204/610/641 1215/611/641 1209/612/641
f 1211/613/642 1204/614/642 1205/615/642
f 1206/617/643 1211/613/643 1205/615/643
f 1213/618/644 1206/617/644 1207/619/644
f 1214/620/645 1207/619/645 1208/621/645
f 1209/612/646 1214/620/646 1208/621/646
f 1222/622/647 1221/612/647 1216/610/647
f 1223/613/648 1216/614/648 1217/615/648
f 1218/617/649 1223/613/649 1217/615/649
f 1225/618/650 1218/617/650 1219/619/650
f 1226/620/651 1219/619/651 1220/621/651
f 1221/612/652 1226/620/652 1220/621/652
f 1228/610/653 1239/611/653 1233/612/653
f 1235/613/654 1228/614/654 1229/615/654
f 1230/617/655 1235/613/655 1229/615/655
f 1237/618/656 1230/617/656 1231/619/656
f 1238/620/657 1231/619/657 1232/621/657
f 1239/611/658 1232/621/658 1233/612/658
f 1246/622/659 1245/612/659 1240/610/659
f 1247/613/660 1240/614/660 1241/615/660
f 1242/617/661 1247/613/661 1241/615/661
f 1243/619/662 1248/616/662 1242/617/662
f 1250/620/663 1243/619/663 1244/621/663
f 1251/611/664 1244/621/664 1245/612/664
f 1252/610/665 1263/611/665 1257/612/665
f 1259/613/666 1252/614/666 1253/615/666
f 1260/616/667 1253/615/667 1254/617/667
f 1255/619/668 1260/616/668 1254/617/668
f 1262/620/669 1255/619/669 1256/621/669
f 1263/611/670 1256/621/670 1257/612/670
f 1144/610/611 1150/622/611 1155/611/611
f 1151/613/612 1150/623/612 1144/614/612
f 1152/616/613 1151/613/613 1145/615/613
f 1153/618/614 1152/616/614 1146/617/614
f 1154/620/615 1153/618/615 1147/619/615
f 1155/611/616 1154/620/616 1148/621/616
f 1156/610/617 1162/622/617 1167/611/617
f 1163/613/618 1162/623/618 1156/614/618
f 1158/617/619 1164/616/619 1163/613/619
f 1159/619/620 1165/618/620 1164/616/620
f 1166/620/621 1165/618/621 1159/619/621
f 1161/612/622 1167/611/622 1166/620/622
f 1168/610/671 1174/622/671 1179/611/671
f 1175/613/624 1174/623/624 1168/614/624
f 1176/616/625 1175/613/625 1169/615/625
f 1177/618/672 1176/616/672 1170/617/672
f 1178/620/627 1177/618/627 1171/619/627
f 1173/612/628 1179/611/628 1178/620/628
f 1186/622/673 1191/611/673 1185/612/673
f 1187/613/630 1186/623/630 1180/614/630
f 1188/616/631 1187/613/631 1181/615/631
f 1189/618/674 1188/616/674 1182/617/674
f 1190/620/633 1189/618/633 1183/619/633
f 1191/611/634 1190/620/634 1184/621/634
f 1192/610/635 1198/622/635 1203/611/635
f 1199/613/636 1198/623/636 1192/614/636
f 1194/617/637 1200/616/637 1199/613/637
f 1195/619/638 1201/618/638 1200/616/638
f 1202/620/639 1201/618/639 1195/619/639
f 1203/611/640 1202/620/640 1196/621/640
f 1204/610/675 1210/622/675 1215/611/675
f 1211/613/642 1210/623/642 1204/614/642
f 1206/617/643 1212/616/643 1211/613/643
f 1213/618/644 1212/616/644 1206/617/644
f 1214/620/645 1213/618/645 1207/619/645
f 1209/612/676 1215/611/676 1214/620/676
f 1222/622/647 1227/611/647 1221/612/647
f 1223/613/648 1222/623/648 1216/614/648
f 1218/617/649 1224/616/649 1223/613/649
f 1225/618/650 1224/616/650 1218/617/650
f 1226/620/651 1225/618/651 1219/619/651
f 1221/612/652 1227/611/652 1226/620/652
f 1228/610/653 1234/622/653 1239/611/653
f 1235/613/654 1234/623/654 1228/614/654
f 1230/617/655 1236/616/655 1235/613/655
f 1237/618/656 1236/616/656 1230/617/656
f 1238/620/657 1237/618/657 1231/619/657
f 1239/611/658 1238/620/658 1232/621/658
f 1246/622/659 1251/611/659 1245/612/659
f 1247/613/660 1246/623/660 1240/614/660
f 1242/617/661 1248/616/661 1247/613/661
f 1243/619/662 1249/618/662 1248/616/662
f 1250/620/663 1249/618/663 1243/619/663
f 1251/611/664 1250/620/664 1244/621/664
f 1252/610/665 1258/622/665 1263/611/665
f 1259/613/666 1258/623/666 1252/614/666
f 1260/616/667 1259/613/667 1253/615/667
f 1255/619/668 1261/618/668 1260/616/668
f 1262/620/669 1261/618/669 1255/619/669
f 1263/611/670 1262/620/670 1256/621/670
o walls.003
v -10.566840 10.361976 -0.284061
v -8.587688 11.986227 -0.284061
v 9.527879 8.382823 -0.284061
v 10.734807 6.124819 -0.284061
v -6.329685 13.193156 -0.284061
v 11.478029 3.674742 -0.284061
v -3.879608 13.936380 -0.284061
v 11.728986 1.126746 -0.284061
v -1.331613 14.187336 -0.284061
v 1.216382 13.936382 -0.284061
v 11.478030 -1.421249 -0.284061
v 10.734807 -3.871325 -0.284061
v 3.666459 13.193161 -0.284061
v 5.924464 11.986233 -0.284061
v 9.527880 -6.129330 -0.284061
v 7.903624 -8.108485 -0.284061
v 7.903620 10.361980 -0.284061
v -12.191092 8.382824 -0.284061
v -8.587682 -9.732742 -0.284061
v -6.329679 -10.939670 -0.284061
v -13.398020 6.124819 -0.284061
v -3.879601 -11.682892 -0.284061
v -14.141244 3.674742 -0.284061
v -1.331606 -11.933848 -0.284061
v -14.392199 1.126747 -0.284061
v -14.141243 -1.421247 -0.284061
v 1.216389 -11.682890 -0.284061
v 3.666465 -10.939668 -0.284061
v -13.398021 -3.871324 -0.284061
v -12.191092 -6.129327 -0.284061
v 5.924469 -9.732738 -0.284061
v -10.566841 -8.108485 -0.284061
v -8.513453 11.875127 0.336924
v -10.472357 10.267493 0.336924
v -6.278551 13.069709 0.336924
v -3.853540 13.805328 0.336924
v -1.331613 14.053718 0.336924
v 1.190314 13.805330 0.336924
v 3.615326 13.069714 0.336924
v 5.850229 11.875133 0.336924
v 7.809137 10.267498 0.336924
v 10.611360 6.073686 0.336924
v 9.416779 8.308589 0.336924
v 11.346978 3.648673 0.336924
v 11.595366 1.126746 0.336924
v 11.346978 -1.395181 0.336924
v 10.611360 -3.820191 0.336924
v 9.416780 -6.055095 0.336924
v 7.809141 -8.014003 0.336924
v -12.079991 8.308589 0.336924
v -13.274573 6.073685 0.336924
v -14.010192 3.648675 0.336924
v -14.258580 1.126747 0.336924
v -14.010191 -1.395180 0.336924
v -13.274573 -3.820191 0.336924
v -12.079993 -6.055093 0.336924
v -10.472358 -8.014002 0.336924
v -6.278545 -10.816222 0.336924
v -8.513448 -9.621642 0.336924
v -3.853533 -11.551840 0.336924
v -1.331606 -11.800229 0.336924
v 1.190321 -11.551838 0.336924
v 3.615332 -10.816220 0.336924
v 5.850234 -9.621639 0.336924
vn -0.0000 -0.0000 -1.0000
vn -0.0000 -0.0000 1.0000
vn 0.7559 -0.6203 0.2094
vn -0.4609 0.8624 0.2094
vn 0.2839 -0.9357 0.2094
vn 0.7559 0.6203 0.2094
vn -0.2839 0.9357 0.2094
vn 0.4609 -0.8624 0.2094
vn -0.7559 0.6203 0.2094
vn -0.0958 0.9731 0.2094
vn 0.6203 -0.7559 0.2094
vn -0.8624 0.4609 0.2094
vn 0.0958 0.9731 0.2094
vn -0.6203 -0.7559 0.2094
vn -0.9357 0.2839 0.2094
vn 0.2838 0.9357 0.2094
vn -0.9731 0.0958 0.2094
vn 0.4609 0.8624 0.2094
vn -0.9731 -0.0958 0.2094
vn 0.6203 0.7559 0.2094
vn -0.9357 -0.2838 0.2094
vn 0.8624 0.4609 0.2094
vn -0.8624 -0.4609 0.2094
vn 0.9357 0.2838 0.2094
vn -0.7559 -0.6203 0.2094
vn 0.9731 0.0958 0.2094
vn -0.4609 -0.8624 0.2094
vn 0.9731 -0.0958 0.2094
vn -0.2839 -0.9357 0.2094
vn 0.9357 -0.2839 0.2094
vn -0.0958 -0.9731 0.2094
vn 0.8624 -0.4609 0.2094
vn -0.6203 0.7559 0.2094
vn 0.0958 -0.9731 0.2094
vn 0.2838 -0.9357 0.2094
vn -0.2838 0.9357 0.2094
vn -0.9357 0.2838 0.2094
vn -0.2838 -0.9357 0.2094
vn 0.9357 -0.2838 0.2094
vt 0.000000 0.000000
s 0
usemtl inner_floor
f 1279/624/677 1295/624/677 1264/624/677
f 1326/624/678 1305/624/678 1298/624/678
f 1279/624/679 1311/624/679 1312/624/679
f 1265/624/680 1298/624/680 1268/624/680
f 1291/624/681 1325/624/681 1290/624/681
f 1280/624/682 1306/624/682 1266/624/682
f 1268/624/683 1299/624/683 1270/624/683
f 1294/624/684 1326/624/684 1291/624/684
f 1281/624/685 1297/624/685 1264/624/685
f 1270/624/686 1300/624/686 1272/624/686
f 1279/624/687 1327/624/687 1294/624/687
f 1284/624/688 1313/624/688 1281/624/688
f 1272/624/689 1301/624/689 1273/624/689
f 1282/624/690 1320/624/690 1295/624/690
f 1286/624/691 1314/624/691 1284/624/691
f 1273/624/692 1302/624/692 1276/624/692
f 1288/624/693 1315/624/693 1286/624/693
f 1276/624/694 1303/624/694 1277/624/694
f 1289/624/695 1316/624/695 1288/624/695
f 1277/624/696 1304/624/696 1280/624/696
f 1292/624/697 1317/624/697 1289/624/697
f 1266/624/698 1305/624/698 1267/624/698
f 1293/624/699 1318/624/699 1292/624/699
f 1267/624/700 1307/624/700 1269/624/700
f 1295/624/701 1319/624/701 1293/624/701
f 1269/624/702 1308/624/702 1271/624/702
f 1283/624/703 1322/624/703 1282/624/703
f 1271/624/704 1309/624/704 1274/624/704
f 1285/624/705 1321/624/705 1283/624/705
f 1274/624/706 1310/624/706 1275/624/706
f 1287/624/707 1323/624/707 1285/624/707
f 1275/624/708 1311/624/708 1278/624/708
f 1264/624/709 1296/624/709 1265/624/709
f 1290/624/710 1324/624/710 1287/624/710
f 1264/624/677 1265/624/677 1268/624/677
f 1268/624/677 1270/624/677 1272/624/677
f 1272/624/677 1273/624/677 1276/624/677
f 1276/624/677 1277/624/677 1280/624/677
f 1280/624/677 1266/624/677 1267/624/677
f 1267/624/677 1269/624/677 1271/624/677
f 1271/624/677 1274/624/677 1275/624/677
f 1275/624/677 1278/624/677 1279/624/677
f 1279/624/677 1294/624/677 1291/624/677
f 1291/624/677 1290/624/677 1287/624/677
f 1287/624/677 1285/624/677 1283/624/677
f 1283/624/677 1282/624/677 1295/624/677
f 1295/624/677 1293/624/677 1292/624/677
f 1292/624/677 1289/624/677 1288/624/677
f 1288/624/677 1286/624/677 1284/624/677
f 1284/624/677 1281/624/677 1264/624/677
f 1264/624/677 1268/624/677 1272/624/677
f 1272/624/677 1276/624/677 1280/624/677
f 1280/624/677 1267/624/677 1271/624/677
f 1271/624/677 1275/624/677 1279/624/677
f 1279/624/677 1291/624/677 1287/624/677
f 1287/624/677 1283/624/677 1295/624/677
f 1295/624/677 1292/624/677 1288/624/677
f 1288/624/677 1284/624/677 1264/624/677
f 1264/624/677 1272/624/677 1280/624/677
f 1280/624/677 1271/624/677 1279/624/677
f 1279/624/677 1287/624/677 1295/624/677
f 1295/624/677 1288/624/677 1264/624/677
f 1264/624/677 1280/624/677 1279/624/677
f 1298/624/678 1296/624/678 1297/624/678
f 1297/624/678 1313/624/678 1314/624/678
f 1314/624/678 1315/624/678 1316/624/678
f 1316/624/678 1317/624/678 1318/624/678
f 1318/624/678 1319/624/678 1320/624/678
f 1320/624/678 1322/624/678 1321/624/678
f 1321/624/678 1323/624/678 1324/624/678
f 1324/624/678 1325/624/678 1326/624/678
f 1326/624/678 1327/624/678 1312/624/678
f 1312/624/678 1311/624/678 1310/624/678
f 1310/624/678 1309/624/678 1308/624/678
f 1308/624/678 1307/624/678 1305/624/678
f 1305/624/678 1306/624/678 1304/624/678
f 1304/624/678 1303/624/678 1302/624/678
f 1302/624/678 1301/624/678 1300/624/678
f 1300/624/678 1299/624/678 1298/624/678
f 1298/624/678 1297/624/678 1314/624/678
f 1314/624/678 1316/624/678 1318/624/678
f 1318/624/678 1320/624/678 1321/624/678
f 1321/624/678 1324/624/678 1326/624/678
f 1326/624/678 1312/624/678 1310/624/678
f 1310/624/678 1308/624/678 1305/624/678
f 1305/624/678 1304/624/678 1302/624/678
f 1302/624/678 1300/624/678 1298/624/678
f 1298/624/678 1314/624/678 1318/624/678
f 1318/624/678 1321/624/678 1326/624/678
f 1326/624/678 1310/624/678 1305/624/678
f 1305/624/678 1302/624/678 1298/624/678
f 1298/624/678 1318/624/678 1326/624/678
f 1279/624/679 1278/624/679 1311/624/679
f 1265/624/680 1296/624/680 1298/624/680
f 1291/624/711 1326/624/711 1325/624/711
f 1280/624/682 1304/624/682 1306/624/682
f 1268/624/712 1298/624/712 1299/624/712
f 1294/624/684 1327/624/684 1326/624/684
f 1281/624/685 1313/624/685 1297/624/685
f 1270/624/686 1299/624/686 1300/624/686
f 1279/624/687 1312/624/687 1327/624/687
f 1284/624/688 1314/624/688 1313/624/688
f 1272/624/689 1300/624/689 1301/624/689
f 1282/624/690 1322/624/690 1320/624/690
f 1286/624/713 1315/624/713 1314/624/713
f 1273/624/692 1301/624/692 1302/624/692
f 1288/624/693 1316/624/693 1315/624/693
f 1276/624/694 1302/624/694 1303/624/694
f 1289/624/695 1317/624/695 1316/624/695
f 1277/624/696 1303/624/696 1304/624/696
f 1292/624/697 1318/624/697 1317/624/697
f 1266/624/698 1306/624/698 1305/624/698
f 1293/624/699 1319/624/699 1318/624/699
f 1267/624/700 1305/624/700 1307/624/700
f 1295/624/701 1320/624/701 1319/624/701
f 1269/624/702 1307/624/702 1308/624/702
f 1283/624/703 1321/624/703 1322/624/703
f 1271/624/704 1308/624/704 1309/624/704
f 1285/624/714 1323/624/714 1321/624/714
f 1274/624/715 1309/624/715 1310/624/715
f 1287/624/707 1324/624/707 1323/624/707
f 1275/624/708 1310/624/708 1311/624/708
f 1264/624/709 1297/624/709 1296/624/709
f 1290/624/710 1325/624/710 1324/624/710
o Cylinder
v -76.782341 3.177989 -0.160899
v -76.782341 0.836237 1.107805
v -76.462326 0.772582 1.107805
v -74.535164 2.247178 -0.160899
v -76.191032 0.591309 1.107805
v -73.604347 -0.000000 -0.160899
v -75.946106 -0.000000 1.107805
v -74.535164 -2.247178 -0.160899
v -76.191032 -0.591309 1.107805
v -76.782341 -3.177989 -0.160899
v -76.782341 -0.836237 1.107805
v -79.029518 -2.247178 -0.160899
v -77.373650 -0.591309 1.107805
v -79.960327 -0.000000 -0.160899
v -77.618576 -0.000000 1.107805
v -79.029518 2.247178 -0.160899
v -77.373650 0.591309 1.107805
v -77.102356 0.772582 1.107805
v -74.938522 1.232001 1.107805
v -74.607407 0.432621 1.107805
v -74.607407 -0.432621 1.107805
v -74.938522 -1.232001 1.107805
v -75.550339 -1.843820 1.107805
v -76.349716 -2.174934 1.107805
v -77.214966 -2.174934 1.107805
v -78.014343 -1.843820 1.107805
v -78.626160 -1.232001 1.107805
v -78.957275 -0.432621 1.107805
v -78.957275 0.432621 1.107805
v -78.626160 1.232001 1.107805
v -76.531586 0.167548 2.188615
v -76.486557 0.058835 2.188615
v -76.486557 -0.058835 2.188615
v -76.531586 -0.167548 2.188615
v -76.614792 -0.250754 2.188615
v -76.723503 -0.295784 2.188615
v -76.841179 -0.295784 2.188615
v -76.949890 -0.250754 2.188615
v -77.033096 -0.167548 2.188615
v -77.078125 -0.058835 2.188615
v -77.078125 0.058835 2.188615
v -77.033096 0.167548 2.188615
v -76.782341 0.120199 3.359849
v -76.736343 0.111049 3.359849
v -76.697350 0.084993 3.359849
v -76.671295 0.045998 3.359849
v -76.671295 -0.045998 3.359849
v -76.736343 -0.111049 3.359849
v -76.828339 -0.111049 3.359849
v -76.893387 -0.045998 3.359849
v -76.893387 0.045998 3.359849
v -76.867332 0.084993 3.359849
v -76.828339 0.111049 3.359849
v -76.782341 2.873568 0.795180
v -75.682671 2.654830 0.795180
v -75.016739 2.642401 0.518574
v -74.750420 2.031919 0.795180
v -74.127510 1.099667 0.795180
v -73.665413 0.619995 0.518574
v -73.665413 -0.619995 0.518574
v -74.127510 -1.099667 0.795180
v -74.139938 -1.765597 0.518574
v -75.016739 -2.642401 0.518574
v -75.682671 -2.654830 0.795180
v -76.162346 -3.116925 0.518574
v -77.402336 -3.116925 0.518574
v -77.882004 -2.654830 0.795180
v -78.814255 -2.031919 0.795180
v -79.424744 -1.765597 0.518574
v -79.437172 -1.099667 0.795180
v -79.655907 -0.000000 0.795180
v -79.899261 0.619995 0.518574
v -79.437172 1.099667 0.795180
v -78.814255 2.031919 0.795180
v -78.547935 2.642401 0.518574
v -77.882004 2.654830 0.795180
v -79.637283 -2.099013 7.742907
v -79.776733 -2.037090 7.474501
v -76.591263 -3.502318 10.114352
v -76.316116 -3.631399 10.168721
v -79.958878 1.391279 10.221370
v -80.112434 1.606334 10.061704
v -76.837189 -0.119044 12.592814
v -76.727501 0.119043 12.755924
v -76.651825 0.012023 5.157425
v -76.912865 -0.012028 4.994316
v -73.605804 -1.391282 7.528870
v -73.452248 -1.606337 7.688537
v -76.973427 3.502315 7.635889
v -77.248566 3.631397 7.581518
v -73.851730 1.991991 10.007333
v -73.863632 2.144106 10.275739
v -80.925865 -2.984245 7.151327
v -81.129768 -3.019767 6.922230
v -76.404541 -5.067226 10.671354
v -76.205994 -5.288154 10.755575
v -81.392014 2.074839 10.743793
v -81.617767 2.276526 10.683137
v -76.819466 -0.080580 14.263820
v -76.745224 0.080577 14.516482
v -76.694000 0.008137 3.486422
v -76.870689 -0.008143 3.233759
v -72.172676 -2.074844 7.006449
v -71.946922 -2.276531 7.067104
v -77.160149 5.067222 7.078887
v -77.358688 5.288149 6.994666
v -72.587601 2.911802 10.598915
v -72.486145 3.092200 10.828012
v -79.604095 -1.995280 7.786956
v -76.579735 -3.388606 10.141536
v -76.885254 -0.072772 12.496118
v -79.909615 1.320554 10.141536
v -79.818268 1.518837 10.141536
v -76.793907 0.125512 12.496116
v -74.075073 2.048018 10.141536
v -77.099434 3.441344 7.786956
v -76.984955 3.388603 7.608703
v -73.960594 1.995277 9.963284
v -73.655075 -1.320557 7.608704
v -76.679428 0.072769 5.254123
v -76.770782 -0.125515 5.254123
v -73.746422 -1.518840 7.608703
v -76.465256 -3.441347 9.963284
v -79.489616 -2.048021 7.608704
v -79.921181 1.446066 9.963284
v -77.202347 3.368572 7.608703
v -76.896820 0.052738 5.254123
v -79.615654 -1.869768 7.608704
v -73.949028 1.869765 10.141536
v -76.667862 -0.052741 12.496116
v -76.362343 -3.368575 10.141536
v -73.643509 -1.446069 7.786956
v -80.924904 -2.929234 7.215031
v -76.431313 -4.999438 10.713465
v -76.885254 -0.072773 14.211899
v -81.378845 1.997430 10.713465
v -81.287498 2.195714 10.713465
v -76.793907 0.125510 14.211899
v -72.754265 2.981970 10.713462
v -77.247856 5.052173 7.215029
v -77.133377 4.999433 7.036777
v -72.639786 2.929230 10.535211
v -72.185844 -1.997435 7.036777
v -76.679428 0.072768 3.538342
v -76.770782 -0.125515 3.538342
v -72.277191 -2.195719 7.036777
v -76.316833 -5.052178 10.535212
v -80.810425 -2.981975 7.036778
v -81.390411 2.122942 10.535212
v -77.350769 4.979402 7.036777
v -76.896820 0.052738 3.538342
v -80.936470 -2.803722 7.036778
v -72.628220 2.803718 10.713462
v -76.667862 -0.052742 14.211899
v -76.213921 -4.979407 10.713465
v -72.174278 -2.122947 7.215029
v -76.642136 -0.064597 3.658313
v -72.361900 -2.036507 6.990642
v -73.507339 -1.508803 7.436525
v -76.642136 -0.064596 4.995962
v -72.668251 2.745366 10.541285
v -73.697975 2.017243 10.095401
v -73.381294 -1.419676 7.654839
v -72.235855 -1.947381 7.208956
v -73.852348 2.235557 10.095401
v -72.822624 2.963681 10.541285
v -77.102859 4.935591 7.208956
v -76.987144 3.679763 7.654838
v -76.796509 0.153717 3.658313
v -76.796509 0.153718 4.995962
v -77.113190 3.590636 7.436524
v -77.228897 4.846464 6.990642
v -80.756226 -2.809965 6.990643
v -79.726509 -2.081839 7.436525
v -76.908386 -0.089129 4.995962
v -76.908386 -0.089130 3.658313
v -72.347740 -2.190228 7.208956
v -73.493172 -1.662523 7.654839
v -76.311295 -3.655233 10.095401
v -76.195580 -4.911062 10.541286
v -76.656296 0.089126 12.754278
v -76.656296 0.089125 14.091929
v -72.808456 2.809960 10.759599
v -73.838181 2.081836 10.313715
v -77.369110 4.911058 7.208956
v -77.253395 3.655230 7.654839
v -80.071510 1.662520 10.095401
v -81.216949 2.190223 10.541286
v -81.328827 1.947376 10.541286
v -80.183395 1.419673 10.095401
v -79.866714 -2.017246 7.654839
v -80.896439 -2.745371 7.208957
v -76.922554 0.064592 14.091929
v -76.922546 0.064593 12.754278
v -80.057350 1.508799 10.313715
v -81.202789 2.036503 10.759600
v -76.335785 -4.846469 10.759600
v -76.451500 -3.590639 10.313715
v -76.768181 -0.153721 12.754278
v -76.768181 -0.153722 14.091929
v -80.742065 -2.963685 7.208957
v -79.712341 -2.235559 7.654839
v -76.577545 -3.679765 10.095401
v -76.461830 -4.935596 10.541286
vn 0.8764 -0.4730 0.0907
vn 0.9960 -0.0000 0.0895
vn 0.7043 -0.7043 0.0895
vn 0.3861 -0.3600 0.8493
vn -0.0000 -0.9960 0.0895
vn 0.0185 -0.5276 0.8493
vn -0.4527 -0.0901 0.8871
vn -0.4912 -0.8195 0.2951
vn -0.5112 -0.7651 0.3916
vn -0.3838 -0.2564 0.8871
vn -0.9024 -0.1795 0.3916
vn -0.4527 0.0901 0.8871
vn -0.7651 0.5112 0.3916
vn -0.8764 -0.4730 0.0907
vn 0.2033 0.3975 0.8948
vn -0.2033 0.3975 0.8948
vn -0.5304 0.7938 0.2977
vn 0.0302 0.1516 0.9880
vn -0.4461 0.8720 0.2014
vn 0.0859 0.1285 0.9880
vn 0.5276 0.0185 0.8493
vn 0.4606 0.1908 0.8668
vn 0.9137 0.3785 0.1483
vn 0.6936 -0.2873 0.6605
vn 0.8928 -0.3698 -0.2572
vn 0.4606 -0.1908 0.8668
vn 0.9137 -0.3785 0.1483
vn 0.2873 -0.6936 0.6605
vn 0.3698 -0.8928 -0.2572
vn 0.1908 -0.4606 0.8668
vn 0.3785 -0.9137 0.1483
vn -0.8928 -0.3698 -0.2572
vn -0.9268 -0.2321 0.2951
vn -0.1908 -0.4606 0.8668
vn -0.3785 -0.9137 0.1483
vn -0.8928 0.3698 -0.2572
vn -0.8195 0.4912 0.2951
vn -0.4606 -0.1908 0.8668
vn -0.9137 -0.3785 0.1483
vn -0.3698 0.8928 -0.2572
vn -0.4606 0.1908 0.8668
vn -0.9137 0.3785 0.1483
vn -0.0859 0.1285 0.9880
vn 0.8944 -0.0000 0.4472
vn -0.0302 0.1516 0.9880
vn -0.0000 -0.0000 1.0000
vn -0.0185 -0.5276 0.8493
vn 0.4461 0.8721 0.2014
vn -0.9321 -0.3012 0.2014
vn -0.3698 -0.8928 -0.2572
vn 0.1795 0.9024 0.3916
vn 0.7651 0.5112 0.3916
vn 0.3774 0.1563 0.9128
vn -0.8721 0.4461 0.2014
vn 0.3012 -0.9321 0.2014
vn -0.3838 0.2564 0.8871
vn 0.3774 -0.1563 0.9128
vn 0.3600 -0.3861 0.8493
vn -0.3012 0.9321 0.2014
vn -0.4461 -0.8721 0.2014
vn -0.6324 -0.6324 0.4472
vn -0.1795 0.9024 0.3916
vn 0.6324 -0.6324 0.4472
vn -0.8944 -0.0000 0.4472
vn 0.8214 0.5489 0.1549
vn 0.8195 0.4912 0.2951
vn -0.8214 0.5489 0.1549
vn 0.3698 0.8928 -0.2572
vn -0.2564 -0.3838 0.8871
vn 0.3387 0.5069 0.7927
vn 0.1563 -0.3774 0.9128
vn 0.3838 0.2564 0.8871
vn 0.3012 0.9321 0.2014
vn 0.5303 -0.0000 0.8478
vn -0.1563 -0.3774 0.9128
vn 0.8721 0.4461 0.2014
vn 0.9878 -0.0000 0.1558
vn 0.3750 -0.3750 0.8478
vn -0.3774 -0.1563 0.9128
vn 0.9321 -0.3012 0.2014
vn 0.6985 -0.6985 0.1558
vn -0.0000 -0.5303 0.8478
vn -0.3774 0.1563 0.9128
vn 0.4461 -0.8721 0.2014
vn -0.0000 -0.9878 0.1558
vn -0.3387 0.5069 0.7927
vn -0.3012 -0.9321 0.2014
vn -0.6985 -0.6985 0.1558
vn -0.0000 -0.0000 -1.0000
vn 0.1862 0.9363 0.2977
vn -0.9878 -0.0000 0.1558
vn 0.5304 0.7938 0.2977
vn -0.1862 0.9363 0.2977
vn -0.0000 -0.8944 0.4472
vn 0.5276 -0.0185 0.8493
vn 0.8928 0.3698 -0.2572
vn 0.6429 0.1158 -0.7572
vn -0.6337 -0.6392 0.4357
vn 0.9096 -0.1816 0.3737
vn -0.4922 -0.5302 0.6904
vn 0.1777 0.9192 0.3515
vn -0.6668 -0.2803 0.6906
vn -0.5029 0.4692 -0.7260
vn -0.7724 -0.4135 0.4821
vn 0.2257 -0.6834 -0.6943
vn 0.4639 0.8806 -0.0966
vn -0.5426 -0.2241 -0.8095
vn -0.4843 0.8628 0.1453
vn -0.3205 -0.9365 -0.1425
vn -0.3730 0.5303 0.7614
vn 0.7305 -0.5672 0.3804
vn 0.0432 0.7488 0.6614
vn -0.6429 -0.1158 0.7572
vn 0.6446 0.5930 -0.4825
vn -0.3235 -0.5675 0.7572
vn 0.7724 0.4135 -0.4821
vn -0.5843 -0.7519 0.3055
vn 0.6668 0.2803 -0.6906
vn -0.9096 0.1816 -0.3737
vn 0.5452 0.5182 -0.6590
vn -0.2257 0.6834 0.6943
vn -0.1961 -0.9334 -0.3005
vn -0.7305 0.5672 -0.3804
vn -0.0432 -0.7488 -0.6614
vn 0.0799 0.8995 0.4297
vn 0.3336 -0.5589 -0.7592
vn 0.6861 -0.0854 0.7225
vn 0.1912 -0.8568 -0.4788
vn 0.5110 -0.8530 -0.1064
vn -0.5666 -0.1828 -0.8035
vn 0.2259 -0.5501 0.8040
vn -0.9816 -0.1622 0.1010
vn 0.3921 0.4369 0.8095
vn -0.6520 0.7442 -0.1453
vn 0.9898 -0.0100 0.1425
vn 0.0706 0.5818 -0.8102
vn -0.1481 -0.6753 -0.7225
vn 0.7441 -0.4659 0.4788
vn -0.5693 0.4585 -0.6824
vn 0.9816 0.1622 -0.1010
vn -0.5110 0.8530 0.1064
vn 0.5666 0.1828 0.8035
vn -0.9899 0.0294 -0.1384
vn 0.3729 -0.4988 0.7824
vn 0.6522 0.5688 -0.5011
vn -0.6694 -0.4345 0.6027
vn 0.2473 0.5798 -0.7763
vn -0.6988 -0.4561 0.5510
vn 0.6221 0.0429 -0.7818
vn -0.6626 -0.5074 0.5509
vn 0.9404 0.2502 -0.2303
vn -0.6402 -0.4831 0.5973
vn 0.3678 -0.5127 -0.7758
vn 0.3563 0.9309 0.0804
vn -0.5973 -0.1255 -0.7922
vn -0.4444 0.8733 0.1999
vn -0.4023 -0.9152 -0.0248
vn -0.3531 0.5446 0.7608
vn 0.7369 -0.5329 0.4159
vn 0.1082 0.7052 0.7007
vn -0.6522 -0.5688 0.5011
vn 0.6692 0.4422 -0.5972
vn -0.7537 -0.4253 0.5011
vn 0.6402 0.4831 -0.5973
vn -0.6708 -0.3667 0.6447
vn 0.6626 0.5074 -0.5509
vn -0.2300 -0.5775 0.7834
vn 0.6923 0.4591 -0.5567
vn -0.3678 0.5127 0.7758
vn -0.2016 -0.9343 -0.2939
vn -0.7370 0.5329 -0.4159
vn -0.1082 -0.7052 -0.7007
vn 0.2341 0.9383 0.2545
vn 0.3386 -0.5523 -0.7618
vn 0.6997 -0.1290 0.7027
vn 0.2535 -0.8718 -0.4191
vn 0.4459 -0.8729 -0.1979
vn -0.5984 -0.1233 -0.7917
vn 0.0832 -0.5719 0.8161
vn -0.9963 -0.0362 -0.0782
vn 0.3174 0.5213 0.7922
vn -0.6752 0.7101 -0.1999
vn 0.9969 0.0743 0.0248
vn -0.1482 0.5635 -0.8127
vn -0.1116 -0.7027 -0.7027
vn 0.7375 -0.5296 0.4191
vn -0.3605 0.5253 -0.7708
vn 0.9963 0.0362 0.0782
vn -0.4459 0.8729 0.1979
vn 0.5984 0.1233 0.7917
vn -0.9975 -0.0664 -0.0230
vn 0.4079 -0.5033 0.7618
vn 0.1588 0.9255 0.3437
vn -0.5165 -0.8400 0.1663
vn 0.2129 0.8576 -0.4682
vn -0.4726 -0.8517 -0.2263
vn 0.5893 0.7430 -0.3172
vn -0.1786 -0.9301 -0.3209
vn 0.9838 0.1776 -0.0252
vn -0.2265 -0.9740 -0.0076
vn 0.2699 0.1957 -0.9428
vn 0.2026 -0.7036 0.6811
vn 0.3381 0.5654 -0.7524
vn 0.8568 -0.2437 0.4543
vn 0.2921 0.9022 -0.3173
vn 0.3391 -0.1052 0.9349
vn -0.8795 0.2278 -0.4178
vn -0.1615 -0.5770 0.8006
vn 0.1888 0.3343 -0.9233
vn -0.6221 0.6477 0.4397
vn -0.1002 -0.9074 -0.4083
vn -0.5986 0.0515 0.7994
vn 0.8933 -0.0523 -0.4464
vn -0.3081 0.2930 0.9051
vn 0.6390 0.1304 -0.7581
vn 0.0303 0.8907 0.4536
vn 0.8052 0.5926 -0.0217
vn -0.8185 0.5746 -0.0000
vn 0.8294 0.3722 -0.4166
vn -0.5981 0.4266 -0.6784
vn 0.7866 -0.1216 -0.6053
vn -0.8481 -0.2449 -0.4698
vn 0.5438 -0.4520 0.7071
vn -0.9242 -0.2740 0.2660
vn 0.6183 -0.7656 -0.1776
vn -0.0745 0.5953 -0.8000
vn 0.4577 -0.8703 -0.1821
vn -0.6320 -0.0532 -0.7732
vn 0.3668 -0.9303 -0.0000
vn -0.9454 0.3251 -0.0219
vn 0.5541 0.2046 0.8069
vn -0.5027 0.8563 0.1187
vn -0.4964 -0.4965 -0.7121
vn 0.0704 -0.5503 0.8320
vn -0.3308 -0.5070 -0.7959
vn 0.6982 -0.6660 0.2625
vn -0.2493 -0.3443 -0.9051
vn 0.8971 0.1993 0.3944
vn -0.6426 0.7559 -0.1248
vn 0.3825 0.4485 0.8078
vn 0.7548 -0.6559 -0.0000
vn 0.0086 0.9997 0.0219
vn -0.3776 -0.4542 -0.8069
vn -0.6398 0.7594 -0.1187
vn 0.5157 -0.8381 0.1776
vn -0.5364 0.2687 0.8000
vn 0.6679 -0.7216 0.1821
vn 0.2608 0.5781 0.7732
vn 0.2912 0.3514 0.8898
vn -0.9942 -0.1030 -0.0320
vn 0.3308 0.5070 0.7959
vn -0.6982 0.6660 -0.2625
vn 0.5080 0.5273 0.6811
vn -0.2780 0.2385 -0.9305
vn 0.6426 -0.7559 0.1248
vn -0.3825 -0.4485 -0.8078
vn -0.2384 -0.8537 0.4630
vn -0.3729 -0.0257 -0.9275
vn -0.4625 -0.5413 0.7022
vn -0.8568 0.2437 -0.4543
vn -0.3782 -0.0666 0.9233
vn -0.4033 0.8025 -0.4397
vn 0.8889 -0.2080 0.4083
vn 0.2743 0.5734 -0.7720
vn -0.8271 -0.5616 0.0217
vn -0.2689 0.9632 -0.0000
vn -0.6274 -0.6579 0.4166
vn 0.1483 0.9328 0.3286
vn -0.0133 -0.6247 0.7808
vn 0.4680 0.8657 0.1777
vn -0.1588 -0.9255 -0.3437
vn 0.5612 0.7845 -0.2639
vn -0.8786 0.0858 0.4698
vn 0.7406 0.2675 0.6163
vn -0.8302 -0.3675 0.4192
vn 0.9365 -0.1416 0.3209
vn -0.4954 -0.8683 0.0252
vn 0.9938 -0.1111 0.0076
vn -0.9206 0.1749 -0.3491
vn 0.9242 0.2740 -0.2660
vn -0.2744 -0.1892 0.9428
vn 0.5958 -0.4256 -0.6811
vn -0.6457 -0.1303 0.7524
vn 0.3177 -0.5791 -0.7508
vn -0.9962 -0.0804 0.0320
vn 0.3433 -0.2932 -0.8923
vn -0.2995 0.6015 0.7406
vn 0.5986 -0.0515 -0.7994
vn -0.5439 -0.7841 0.2990
vn -0.5069 -0.3387 0.7927
vn -0.9390 -0.1698 0.2990
vn -0.5979 0.1189 0.7927
vn -0.7841 0.5439 0.2990
vn 0.1698 0.9390 0.2990
vn 0.7841 0.5439 0.2990
vn -0.1698 0.9390 0.2990
vn -0.2888 -0.2888 0.9128
vn -0.4085 -0.0000 0.9128
vn -0.6337 -0.6393 0.4357
vn 0.9047 0.2926 -0.3097
vn -0.5452 -0.5182 0.6590
vn 0.5843 0.7519 -0.3055
vn -0.6725 -0.3384 0.6582
vn 0.4257 -0.3969 -0.8132
vn 0.1961 0.9334 0.3005
vn -0.0968 -0.8923 -0.4409
vn -0.5721 0.1274 0.8102
vn -0.2874 0.5903 0.7543
vn 0.6337 0.6392 -0.4357
vn 0.4639 -0.5013 0.7304
vn 0.8100 0.3906 -0.4374
vn -0.1482 -0.6753 -0.7225
vn -0.2259 0.5501 -0.8040
vn 0.9572 -0.0856 0.2763
vn -0.8746 0.2245 -0.4297
vn -0.0706 -0.5818 0.8102
vn 0.5693 0.5102 -0.6447
vn -0.6923 -0.4591 0.5567
vn 0.6708 0.3667 -0.6447
vn -0.6633 -0.5000 0.5567
vn 0.5046 -0.2692 -0.8203
vn 0.2016 0.9343 0.2939
vn -0.2415 -0.9352 -0.2590
vn -0.4819 0.3275 0.8127
vn 0.7370 -0.5329 0.4159
vn -0.5597 -0.7927 0.2416
vn 0.6694 0.4345 -0.6027
vn -0.9346 -0.2558 0.2471
vn 0.6332 0.4857 -0.6026
vn -0.1481 0.5635 -0.8127
vn -0.0832 0.5719 -0.8161
vn 0.9516 -0.1063 0.2882
vn -0.9627 0.0920 -0.2545
vn 0.1554 -0.5563 0.8164
vn 0.0133 0.6247 -0.7808
vn -0.4680 -0.8657 -0.1776
vn -0.1787 -0.9301 -0.3209
vn 0.8142 0.5806 -0.0000
vn -0.1906 -0.9817 -0.0000
vn 0.5102 -0.1573 -0.8456
vn 0.1861 -0.6822 0.7071
vn 0.4614 0.5459 -0.6994
vn 0.4608 -0.4691 0.7534
vn 0.2384 0.8537 -0.4630
vn 0.3729 0.0257 0.9275
vn -0.4672 0.4829 -0.7406
vn -0.2743 -0.5734 0.7720
vn 0.2733 0.1908 -0.9428
vn -0.6353 0.7041 0.3173
vn 0.2834 -0.6088 -0.7410
vn -0.6339 -0.0606 0.7710
vn 0.9962 0.0804 -0.0320
vn -0.3433 0.2932 0.8923
vn 0.6645 0.2556 -0.7022
vn -0.3177 0.5791 0.7508
vn 0.6997 0.7144 -0.0000
vn -0.8877 0.4600 -0.0202
vn 0.8786 -0.0858 -0.4698
vn -0.7407 -0.2675 -0.6163
vn 0.6194 -0.7529 -0.2226
vn -0.3263 0.7629 -0.5581
vn 0.4077 -0.9131 -0.0082
vn -0.9983 -0.0579 -0.0000
vn -0.5080 -0.5273 -0.6811
vn 0.2780 -0.2385 0.9305
vn -0.2912 -0.3514 -0.8898
vn 0.9942 0.1030 0.0320
vn 0.7250 -0.6888 0.0082
vn 0.3874 0.9219 -0.0000
vn -0.3776 -0.4543 -0.8069
vn -0.6397 0.7594 -0.1187
vn 0.5034 -0.8349 0.2226
vn -0.6105 0.5619 0.5581
vn 0.2493 0.3443 0.9051
vn -0.8971 -0.1993 -0.3943
vn 0.4964 0.4965 0.7121
vn -0.0704 0.5503 -0.8320
vn -0.2921 -0.9022 0.3173
vn -0.3391 0.1052 -0.9349
vn -0.8568 0.2437 -0.4544
vn -0.2710 -0.1941 0.9428
vn -0.4521 0.8336 -0.3173
vn -0.9068 -0.4215 -0.0000
vn -0.1377 0.9903 0.0202
vn -0.5945 -0.7419 0.3101
vn -0.2029 0.7061 0.6784
vn -0.2129 -0.8576 0.4682
vn 0.4726 0.8517 0.2263
vn 0.2239 -0.6743 -0.7037
vn 0.5165 0.8400 -0.1664
vn -0.7866 0.1216 0.6053
vn 0.8481 0.2449 0.4698
vn -0.8970 -0.3079 0.3172
vn 0.6092 -0.4039 0.6824
vn -0.8188 -0.5741 -0.0000
vn 0.9891 -0.1475 -0.0000
vn -0.5438 0.4520 -0.7071
vn 0.9610 0.2167 -0.1716
vn -0.0218 -0.5334 0.8456
vn 0.5812 -0.4029 -0.7071
vn -0.6458 -0.1303 0.7524
vn -0.8933 0.0523 0.4464
vn 0.3081 -0.2930 -0.9051
vt 0.313428 0.292381
vt 0.303941 0.303941
vt 0.750000 0.500000
vt 0.485388 0.296822
vt 0.718750 0.969582
vt 0.625000 0.500000
vt 0.449553 0.116663
vt 0.593750 0.969582
vt 0.450491 0.166954
vt 0.355392 0.179579
vt 0.500000 0.500000
vt 0.296822 0.014612
vt 0.468750 0.969582
vt 0.333046 0.049509
vt 0.274728 0.125681
vt 0.125681 0.225272
vt 0.032990 0.250000
vt 0.049509 0.166954
vt 0.096551 0.096551
vt 0.343750 0.969582
vt 0.375000 0.500000
vt 0.203178 0.014612
vt 0.166954 0.049509
vt 0.144608 0.179579
vt 0.050447 0.116663
vt 0.049509 0.333046
vt 0.125681 0.274729
vt 0.096551 0.403449
vt 0.014612 0.296822
vt 0.196059 0.303941
vt 0.186572 0.292381
vt 0.144608 0.320421
vt 0.355392 0.320421
vt 0.403449 0.403449
vt 0.220807 0.320478
vt 0.250000 0.326284
vt 0.333046 0.450491
vt 0.250000 0.467010
vt 0.279193 0.320478
vt 0.450491 0.333046
vt 0.374319 0.274729
vt 0.324819 0.264882
vt 0.320478 0.279193
vt 0.485388 0.203178
vt 0.656250 0.969582
vt 0.919706 0.080294
vt 0.374319 0.225272
vt 0.313428 0.207619
vt 0.324819 0.235118
vt 0.320478 0.220807
vt 0.383337 0.050447
vt 0.531250 0.969582
vt 0.750000 0.010000
vt 0.320421 0.144608
vt 0.264882 0.175181
vt 0.292381 0.186572
vt 0.279193 0.179522
vt 0.510000 0.250000
vt 0.218750 0.969582
vt 0.250000 0.500000
vt 0.225272 0.125681
vt 0.207619 0.186572
vt 0.179579 0.144608
vt 0.235118 0.175181
vt 0.220807 0.179522
vt 0.580294 0.419706
vt 0.093750 0.969582
vt 0.125000 0.500000
vt 0.175181 0.235118
vt 0.186572 0.207619
vt 0.179522 0.220807
vt 0.750000 0.490000
vt 0.116663 0.449553
vt 0.175181 0.264882
vt 0.179522 0.279193
vt 0.166954 0.450491
vt 0.326284 0.250000
vt 0.250000 0.173716
vt 0.580294 0.080294
vt 0.906250 0.969582
vt 0.781250 0.969582
vt 0.196059 0.196059
vt 0.173716 0.250000
vt 0.303941 0.196059
vt 0.383337 0.449553
vt 0.875000 0.500000
vt 0.919706 0.419706
vt 1.000000 0.500000
vt 0.990000 0.250000
vt 0.375000 0.000000
vt 0.625000 0.000000
vt 0.625000 0.250000
vt 0.375000 0.250000
vt 0.625000 0.750000
vt 0.375000 0.750000
vt 0.625000 1.000000
vt 0.375000 1.000000
vt 0.125000 0.750000
vt 0.875000 0.750000
vt 0.000000 0.000000
vt 0.000000 0.500000
s 0
usemtl statue
f 1358/625/716 1332/626/716 1372/626/716
f 1333/627/717 1386/628/717 1387/629/717
f 1335/630/718 1389/631/718 1390/632/718
f 1388/633/719 1349/634/719 1389/631/719
f 1337/635/720 1392/636/720 1393/637/720
f 1391/638/721 1351/639/721 1392/636/721
f 1355/640/722 1398/641/722 1397/642/722
f 1395/643/723 1396/644/723 1339/645/723
f 1395/643/724 1393/646/724 1394/647/724
f 1397/642/725 1395/643/725 1354/648/725
f 1398/641/726 1396/649/726 1397/642/726
f 1400/650/727 1398/641/727 1356/651/727
f 1401/652/728 1399/653/728 1400/650/728
f 1344/654/729 1369/655/729 1379/654/729
f 1401/652/730 1357/656/730 1344/654/730
f 1346/657/731 1384/658/731 1332/626/731
f 1379/654/732 1345/659/732 1344/654/732
f 1329/660/733 1382/661/733 1381/662/733
f 1346/657/734 1332/626/734 1358/625/734
f 1330/663/735 1384/658/735 1382/661/735
f 1385/664/736 1347/665/736 1386/628/736
f 1346/657/737 1359/666/737 1347/665/737
f 1358/625/738 1373/667/738 1359/666/738
f 1387/668/739 1388/633/739 1389/669/739
f 1335/670/740 1387/668/740 1389/669/740
f 1348/671/741 1361/672/741 1349/634/741
f 1360/673/742 1374/674/742 1361/672/742
f 1390/675/743 1391/638/743 1392/676/743
f 1337/677/744 1390/675/744 1392/676/744
f 1350/678/745 1363/679/745 1351/639/745
f 1362/680/746 1375/681/746 1363/679/746
f 1341/682/747 1339/645/747 1396/649/747
f 1398/641/748 1399/683/748 1341/684/748
f 1352/685/749 1365/686/749 1353/687/749
f 1364/688/750 1376/689/750 1365/686/750
f 1343/690/751 1341/684/751 1399/653/751
f 1401/652/752 1402/691/752 1343/692/752
f 1354/648/753 1367/693/753 1355/640/753
f 1366/694/754 1377/695/754 1367/693/754
f 1328/696/755 1343/692/755 1402/697/755
f 1356/651/756 1369/655/756 1357/656/756
f 1368/698/757 1378/699/757 1369/655/757
f 1344/654/758 1403/700/758 1401/652/758
f 1334/701/759 1359/666/759 1360/673/759
f 1345/659/760 1381/662/760 1403/700/760
f 1370/660/761 1377/695/761 1373/667/761
f 1352/685/762 1394/647/762 1393/646/762
f 1344/654/763 1357/656/763 1369/655/763
f 1338/702/764 1351/639/764 1363/679/764
f 1339/703/765 1337/635/765 1393/646/765
f 1383/704/766 1381/662/766 1382/661/766
f 1386/705/767 1384/658/767 1385/664/767
f 1347/665/768 1385/664/768 1346/657/768
f 1340/706/769 1353/687/769 1365/686/769
f 1334/701/770 1347/665/770 1359/666/770
f 1357/656/771 1401/652/771 1400/650/771
f 1349/634/772 1388/633/772 1348/671/772
f 1350/678/773 1391/638/773 1390/675/773
f 1342/707/774 1355/640/774 1367/693/774
f 1336/708/775 1349/634/775 1361/672/775
f 1340/706/776 1365/686/776 1366/694/776
f 1338/702/761 1352/685/761 1351/639/761
f 1334/701/761 1348/671/761 1347/665/761
f 1381/662/777 1402/697/777 1403/700/777
f 1336/708/778 1361/672/778 1362/680/778
f 1342/707/779 1367/693/779 1368/698/779
f 1336/708/761 1350/678/761 1349/634/761
f 1373/667/780 1358/625/780 1372/626/780
f 1383/709/781 1384/658/781 1331/710/781
f 1379/654/782 1369/655/782 1378/699/782
f 1383/704/783 1331/711/783 1328/712/783
f 1353/687/784 1395/643/784 1394/647/784
f 1384/658/785 1383/709/785 1382/661/785
f 1351/639/786 1391/638/786 1350/678/786
f 1346/657/787 1385/664/787 1384/658/787
f 1348/671/788 1334/701/788 1360/673/788
f 1347/665/789 1387/629/789 1386/628/789
f 1353/687/790 1394/647/790 1352/685/790
f 1350/678/791 1336/708/791 1362/680/791
f 1360/673/792 1373/667/792 1374/674/792
f 1349/634/793 1390/632/793 1389/631/793
f 1355/640/794 1397/642/794 1354/648/794
f 1352/685/795 1338/702/795 1364/688/795
f 1362/680/796 1374/674/796 1375/681/796
f 1351/639/797 1393/637/797 1392/636/797
f 1357/656/798 1400/650/798 1356/651/798
f 1354/648/799 1340/706/799 1366/694/799
f 1364/688/800 1375/681/800 1376/689/800
f 1354/648/761 1353/687/761 1340/706/761
f 1403/700/801 1402/697/801 1401/652/801
f 1356/651/802 1342/707/802 1368/698/802
f 1366/694/803 1376/689/803 1377/695/803
f 1356/651/761 1355/640/761 1342/707/761
f 1335/670/804 1339/703/804 1343/690/804
f 1370/660/805 1330/663/805 1329/660/805
f 1368/698/806 1377/695/806 1378/699/806
f 1371/663/807 1332/626/807 1330/663/807
f 1380/659/808 1329/660/808 1345/659/808
f 1338/702/809 1363/679/809 1364/688/809
f 1348/671/810 1388/633/810 1387/668/810
f 1386/705/811 1333/713/811 1331/710/811
f 1436/714/812 1406/715/812 1404/714/812
f 1436/714/813 1407/715/813 1437/715/813
f 1438/716/814 1406/715/814 1437/715/814
f 1438/716/815 1407/715/815 1411/716/815
f 1438/716/816 1408/717/816 1410/716/816
f 1438/716/817 1409/717/817 1439/717/817
f 1439/717/818 1404/714/818 1408/717/818
f 1436/714/819 1409/717/819 1405/714/819
f 1441/716/820 1408/717/820 1440/717/820
f 1441/716/821 1409/717/821 1411/716/821
f 1442/630/822 1410/716/822 1441/716/822
f 1441/716/823 1419/630/823 1442/630/823
f 1443/645/824 1418/630/824 1442/630/824
f 1443/645/825 1419/630/825 1417/645/825
f 1443/645/826 1408/717/826 1416/645/826
f 1443/645/827 1409/717/827 1440/717/827
f 1445/630/828 1416/645/828 1444/645/828
f 1445/630/829 1417/645/829 1419/630/829
f 1446/718/830 1418/630/830 1445/630/830
f 1445/630/831 1415/718/831 1446/718/831
f 1447/719/832 1414/718/832 1446/718/832
f 1447/719/833 1415/718/833 1413/719/833
f 1447/719/834 1416/645/834 1412/719/834
f 1447/719/835 1417/645/835 1444/645/835
f 1448/719/836 1414/718/836 1412/719/836
f 1448/719/837 1415/718/837 1449/718/837
f 1450/720/838 1414/718/838 1449/718/838
f 1450/720/839 1415/718/839 1407/720/839
f 1450/720/840 1404/721/840 1406/720/840
f 1450/720/841 1405/721/841 1451/721/841
f 1451/721/842 1412/719/842 1404/721/842
f 1448/719/843 1405/721/843 1413/719/843
f 1452/692/844 1416/645/844 1408/692/844
f 1452/692/845 1417/645/845 1453/645/845
f 1454/719/846 1416/645/846 1453/645/846
f 1454/719/847 1417/645/847 1413/719/847
f 1455/722/848 1412/719/848 1454/719/848
f 1454/719/849 1405/722/849 1455/722/849
f 1452/692/850 1404/722/850 1455/722/850
f 1455/722/851 1409/692/851 1452/692/851
f 1456/630/852 1410/710/852 1418/630/852
f 1457/710/853 1419/630/853 1411/710/853
f 1457/710/854 1406/723/854 1410/710/854
f 1457/710/855 1407/723/855 1458/723/855
f 1459/718/856 1406/723/856 1458/723/856
f 1459/718/857 1407/723/857 1415/718/857
f 1459/718/858 1418/630/858 1414/718/858
f 1456/630/859 1415/718/859 1419/630/859
f 1460/714/860 1422/715/860 1420/714/860
f 1460/714/861 1423/715/861 1461/715/861
f 1461/715/862 1426/716/862 1422/715/862
f 1462/716/863 1423/715/863 1427/716/863
f 1462/716/864 1424/717/864 1426/716/864
f 1462/716/865 1425/717/865 1463/717/865
f 1460/714/866 1424/717/866 1463/717/866
f 1460/714/867 1425/717/867 1421/714/867
f 1465/716/868 1424/717/868 1464/717/868
f 1465/716/869 1425/717/869 1427/716/869
f 1466/630/870 1426/716/870 1465/716/870
f 1465/716/871 1435/630/871 1466/630/871
f 1467/645/872 1434/630/872 1466/630/872
f 1467/645/873 1435/630/873 1433/645/873
f 1467/645/874 1424/717/874 1432/645/874
f 1467/645/875 1425/717/875 1464/717/875
f 1469/630/876 1432/645/876 1468/645/876
f 1469/630/877 1433/645/877 1435/630/877
f 1470/718/878 1434/630/878 1469/630/878
f 1469/630/879 1431/718/879 1470/718/879
f 1471/719/880 1430/718/880 1470/718/880
f 1471/719/881 1431/718/881 1429/719/881
f 1471/719/882 1432/645/882 1428/719/882
f 1471/719/883 1433/645/883 1468/645/883
f 1472/719/884 1430/718/884 1428/719/884
f 1472/719/885 1431/718/885 1473/718/885
f 1474/720/886 1430/718/886 1473/718/886
f 1474/720/887 1431/718/887 1423/720/887
f 1474/720/888 1420/721/888 1422/720/888
f 1474/720/889 1421/721/889 1475/721/889
f 1475/721/890 1428/719/890 1420/721/890
f 1472/719/891 1421/721/891 1429/719/891
f 1476/692/892 1432/645/892 1424/692/892
f 1476/692/893 1433/645/893 1477/645/893
f 1478/719/894 1432/645/894 1477/645/894
f 1478/719/895 1433/645/895 1429/719/895
f 1479/722/896 1428/719/896 1478/719/896
f 1478/719/897 1421/722/897 1479/722/897
f 1476/692/898 1420/722/898 1479/722/898
f 1476/692/899 1421/722/899 1425/692/899
f 1480/630/900 1426/710/900 1434/630/900
f 1481/710/901 1435/630/901 1427/710/901
f 1481/710/902 1422/723/902 1426/710/902
f 1481/710/903 1423/723/903 1482/723/903
f 1483/718/904 1422/723/904 1482/723/904
f 1483/718/905 1423/723/905 1431/718/905
f 1483/718/906 1434/630/906 1430/718/906
f 1483/718/907 1435/630/907 1480/630/907
f 1484/719/908 1430/718/908 1428/719/908
f 1484/719/909 1431/718/909 1485/718/909
f 1486/718/910 1430/718/910 1485/718/910
f 1486/718/911 1431/718/911 1415/718/911
f 1486/718/912 1412/719/912 1414/718/912
f 1486/718/913 1413/719/913 1487/719/913
f 1487/719/914 1428/719/914 1412/719/914
f 1484/719/915 1413/719/915 1429/719/915
f 1489/724/916 1434/724/916 1488/724/916
f 1488/724/917 1419/724/917 1489/724/917
f 1490/724/918 1418/724/918 1489/724/918
f 1489/724/919 1415/724/919 1490/724/919
f 1491/724/920 1414/724/920 1490/724/920
f 1491/724/921 1415/724/921 1431/724/921
f 1491/724/922 1434/724/922 1430/724/922
f 1488/724/923 1431/724/923 1435/724/923
f 1492/724/924 1434/724/924 1418/724/924
f 1493/724/925 1419/724/925 1435/724/925
f 1494/724/926 1434/724/926 1493/724/926
f 1493/724/927 1433/724/927 1494/724/927
f 1494/724/928 1416/724/928 1432/724/928
f 1494/724/929 1417/724/929 1495/724/929
f 1495/724/930 1418/724/930 1416/724/930
f 1492/724/931 1417/724/931 1419/724/931
f 1496/724/932 1412/724/932 1428/724/932
f 1496/724/933 1413/724/933 1497/724/933
f 1498/724/934 1412/724/934 1497/724/934
f 1498/724/935 1413/724/935 1417/724/935
f 1498/724/936 1432/724/936 1416/724/936
f 1498/724/937 1433/724/937 1499/724/937
f 1496/724/938 1432/724/938 1499/724/938
f 1496/724/939 1433/724/939 1429/724/939
f 1501/724/940 1420/724/940 1500/724/940
f 1500/724/941 1405/724/941 1501/724/941
f 1501/724/942 1412/724/942 1404/724/942
f 1501/724/943 1413/724/943 1502/724/943
f 1503/724/944 1412/724/944 1502/724/944
f 1503/724/945 1413/724/945 1429/724/945
f 1503/724/946 1420/724/946 1428/724/946
f 1503/724/947 1421/724/947 1500/724/947
f 1504/724/948 1414/724/948 1430/724/948
f 1504/724/949 1415/724/949 1505/724/949
f 1505/724/950 1406/724/950 1414/724/950
f 1506/724/951 1415/724/951 1407/724/951
f 1507/724/952 1406/724/952 1506/724/952
f 1507/724/953 1407/724/953 1423/724/953
f 1504/724/954 1422/724/954 1507/724/954
f 1507/724/955 1431/724/955 1504/724/955
f 1509/724/956 1410/724/956 1508/724/956
f 1509/724/957 1411/724/957 1427/724/957
f 1509/724/958 1434/724/958 1426/724/958
f 1509/724/959 1435/724/959 1510/724/959
f 1511/724/960 1434/724/960 1510/724/960
f 1510/724/961 1419/724/961 1511/724/961
f 1511/724/962 1410/724/962 1418/724/962
f 1511/724/963 1411/724/963 1508/724/963
f 1512/724/964 1416/724/964 1432/724/964
f 1512/724/965 1417/724/965 1513/724/965
f 1514/724/966 1416/724/966 1513/724/966
f 1513/724/967 1409/724/967 1514/724/967
f 1515/724/968 1408/724/968 1514/724/968
f 1515/724/969 1409/724/969 1425/724/969
f 1515/724/970 1432/724/970 1424/724/970
f 1512/724/971 1425/724/971 1433/724/971
f 1516/724/972 1408/724/972 1424/724/972
f 1516/724/973 1409/724/973 1517/724/973
f 1517/724/974 1404/724/974 1408/724/974
f 1518/724/975 1409/724/975 1405/724/975
f 1518/724/976 1420/724/976 1404/724/976
f 1519/724/977 1405/724/977 1421/724/977
f 1516/724/978 1420/724/978 1519/724/978
f 1519/724/979 1425/724/979 1516/724/979
f 1520/724/980 1410/724/980 1426/724/980
f 1520/724/981 1411/724/981 1521/724/981
f 1522/724/982 1410/724/982 1521/724/982
f 1522/724/983 1411/724/983 1409/724/983
f 1522/724/984 1424/724/984 1408/724/984
f 1522/724/985 1425/724/985 1523/724/985
f 1520/724/986 1424/724/986 1523/724/986
f 1520/724/987 1425/724/987 1427/724/987
f 1525/724/988 1422/724/988 1524/724/988
f 1525/724/989 1423/724/989 1407/724/989
f 1525/724/990 1410/724/990 1406/724/990
f 1525/724/991 1411/724/991 1526/724/991
f 1526/724/992 1426/724/992 1410/724/992
f 1527/724/993 1411/724/993 1427/724/993
f 1527/724/994 1422/724/994 1426/724/994
f 1527/724/995 1423/724/995 1524/724/995
f 1529/724/996 1420/724/996 1528/724/996
f 1528/724/997 1405/724/997 1529/724/997
f 1530/724/998 1404/724/998 1529/724/998
f 1529/724/999 1407/724/999 1530/724/999
f 1531/724/1000 1406/724/1000 1530/724/1000
f 1531/724/1001 1407/724/1001 1423/724/1001
f 1531/724/1002 1420/724/1002 1422/724/1002
f 1528/724/1003 1423/724/1003 1421/724/1003
f 1395/643/1004 1339/703/1004 1393/646/1004
f 1397/642/1005 1396/649/1005 1395/643/1005
f 1398/641/1006 1341/682/1006 1396/649/1006
f 1400/650/1007 1399/653/1007 1398/641/1007
f 1401/652/1008 1343/690/1008 1399/653/1008
f 1379/654/732 1380/659/732 1345/659/732
f 1329/660/733 1330/663/733 1382/661/733
f 1330/663/735 1332/626/735 1384/658/735
f 1346/657/737 1358/625/737 1359/666/737
f 1335/670/740 1333/627/740 1387/668/740
f 1348/671/741 1360/673/741 1361/672/741
f 1337/677/744 1335/630/744 1390/675/744
f 1350/678/745 1362/680/745 1363/679/745
f 1352/685/749 1364/688/749 1365/686/749
f 1354/648/753 1366/694/753 1367/693/753
f 1356/651/756 1368/698/756 1369/655/756
f 1344/654/758 1345/659/758 1403/700/758
f 1345/659/760 1329/660/760 1381/662/760
f 1372/626/761 1371/663/761 1370/660/761
f 1370/660/761 1380/659/761 1379/654/761
f 1379/654/761 1378/699/761 1377/695/761
f 1377/695/761 1376/689/761 1375/681/761
f 1375/681/761 1374/674/761 1373/667/761
f 1373/667/761 1372/626/761 1370/660/761
f 1370/660/761 1379/654/761 1377/695/761
f 1377/695/761 1375/681/761 1373/667/761
f 1383/704/1009 1328/725/1009 1381/662/1009
f 1386/705/1010 1331/710/1010 1384/658/1010
f 1381/662/1011 1328/696/1011 1402/697/1011
f 1347/665/789 1348/671/789 1387/629/789
f 1360/673/792 1359/666/792 1373/667/792
f 1349/634/793 1350/678/793 1390/632/793
f 1362/680/796 1361/672/796 1374/674/796
f 1351/639/797 1352/685/797 1393/637/797
f 1364/688/800 1363/679/800 1375/681/800
f 1354/648/1012 1395/643/1012 1353/687/1012
f 1366/694/803 1365/686/803 1376/689/803
f 1356/651/1013 1398/641/1013 1355/640/1013
f 1343/690/804 1328/696/804 1331/711/804
f 1331/711/804 1333/713/804 1335/670/804
f 1335/670/804 1337/677/804 1339/703/804
f 1339/703/804 1341/682/804 1343/690/804
f 1343/690/804 1331/711/804 1335/670/804
f 1370/660/805 1371/663/805 1330/663/805
f 1368/698/806 1367/693/806 1377/695/806
f 1371/663/807 1372/626/807 1332/626/807
f 1380/659/808 1370/660/808 1329/660/808
f 1436/714/812 1437/715/812 1406/715/812
f 1436/714/1014 1405/714/1014 1407/715/1014
f 1438/716/1015 1410/716/1015 1406/715/1015
f 1438/716/1016 1437/715/1016 1407/715/1016
f 1438/716/1017 1439/717/1017 1408/717/1017
f 1438/716/1018 1411/716/1018 1409/717/1018
f 1439/717/818 1436/714/818 1404/714/818
f 1436/714/819 1439/717/819 1409/717/819
f 1441/716/1019 1410/716/1019 1408/717/1019
f 1441/716/1020 1440/717/1020 1409/717/1020
f 1442/630/822 1418/630/822 1410/716/822
f 1441/716/823 1411/716/823 1419/630/823
f 1443/645/1021 1416/645/1021 1418/630/1021
f 1443/645/1022 1442/630/1022 1419/630/1022
f 1443/645/826 1440/717/826 1408/717/826
f 1443/645/827 1417/645/827 1409/717/827
f 1445/630/1023 1418/630/1023 1416/645/1023
f 1445/630/1024 1444/645/1024 1417/645/1024
f 1446/718/1025 1414/718/1025 1418/630/1025
f 1445/630/1026 1419/630/1026 1415/718/1026
f 1447/719/832 1412/719/832 1414/718/832
f 1447/719/833 1446/718/833 1415/718/833
f 1447/719/834 1444/645/834 1416/645/834
f 1447/719/835 1413/719/835 1417/645/835
f 1448/719/836 1449/718/836 1414/718/836
f 1448/719/837 1413/719/837 1415/718/837
f 1450/720/838 1406/720/838 1414/718/838
f 1450/720/839 1449/718/839 1415/718/839
f 1450/720/840 1451/721/840 1404/721/840
f 1450/720/841 1407/720/841 1405/721/841
f 1451/721/842 1448/719/842 1412/719/842
f 1448/719/843 1451/721/843 1405/721/843
f 1452/692/844 1453/645/844 1416/645/844
f 1452/692/845 1409/692/845 1417/645/845
f 1454/719/846 1412/719/846 1416/645/846
f 1454/719/847 1453/645/847 1417/645/847
f 1455/722/848 1404/722/848 1412/719/848
f 1454/719/849 1413/719/849 1405/722/849
f 1452/692/850 1408/692/850 1404/722/850
f 1455/722/851 1405/722/851 1409/692/851
f 1456/630/1027 1457/710/1027 1410/710/1027
f 1457/710/853 1456/630/853 1419/630/853
f 1457/710/1028 1458/723/1028 1406/723/1028
f 1457/710/1029 1411/710/1029 1407/723/1029
f 1459/718/856 1414/718/856 1406/723/856
f 1459/718/857 1458/723/857 1407/723/857
f 1459/718/1030 1456/630/1030 1418/630/1030
f 1456/630/1031 1459/718/1031 1415/718/1031
f 1460/714/860 1461/715/860 1422/715/860
f 1460/714/861 1421/714/861 1423/715/861
f 1461/715/1032 1462/716/1032 1426/716/1032
f 1462/716/1033 1461/715/1033 1423/715/1033
f 1462/716/1034 1463/717/1034 1424/717/1034
f 1462/716/1035 1427/716/1035 1425/717/1035
f 1460/714/866 1420/714/866 1424/717/866
f 1460/714/867 1463/717/867 1425/717/867
f 1465/716/1036 1426/716/1036 1424/717/1036
f 1465/716/1037 1464/717/1037 1425/717/1037
f 1466/630/870 1434/630/870 1426/716/870
f 1465/716/871 1427/716/871 1435/630/871
f 1467/645/1038 1432/645/1038 1434/630/1038
f 1467/645/1039 1466/630/1039 1435/630/1039
f 1467/645/1040 1464/717/1040 1424/717/1040
f 1467/645/875 1433/645/875 1425/717/875
f 1469/630/1041 1434/630/1041 1432/645/1041
f 1469/630/1042 1468/645/1042 1433/645/1042
f 1470/718/1043 1430/718/1043 1434/630/1043
f 1469/630/1044 1435/630/1044 1431/718/1044
f 1471/719/880 1428/719/880 1430/718/880
f 1471/719/881 1470/718/881 1431/718/881
f 1471/719/882 1468/645/882 1432/645/882
f 1471/719/883 1429/719/883 1433/645/883
f 1472/719/884 1473/718/884 1430/718/884
f 1472/719/885 1429/719/885 1431/718/885
f 1474/720/886 1422/720/886 1430/718/886
f 1474/720/887 1473/718/887 1431/718/887
f 1474/720/888 1475/721/888 1420/721/888
f 1474/720/889 1423/720/889 1421/721/889
f 1475/721/890 1472/719/890 1428/719/890
f 1472/719/891 1475/721/891 1421/721/891
f 1476/692/892 1477/645/892 1432/645/892
f 1476/692/893 1425/692/893 1433/645/893
f 1478/719/894 1428/719/894 1432/645/894
f 1478/719/895 1477/645/895 1433/645/895
f 1479/722/896 1420/722/896 1428/719/896
f 1478/719/897 1429/719/897 1421/722/897
f 1476/692/898 1424/692/898 1420/722/898
f 1476/692/1045 1479/722/1045 1421/722/1045
f 1480/630/900 1481/710/900 1426/710/900
f 1481/710/901 1480/630/901 1435/630/901
f 1481/710/1046 1482/723/1046 1422/723/1046
f 1481/710/1047 1427/710/1047 1423/723/1047
f 1483/718/904 1430/718/904 1422/723/904
f 1483/718/905 1482/723/905 1423/723/905
f 1483/718/1048 1480/630/1048 1434/630/1048
f 1483/718/1049 1431/718/1049 1435/630/1049
f 1484/719/908 1485/718/908 1430/718/908
f 1484/719/909 1429/719/909 1431/718/909
f 1486/718/1050 1414/718/1050 1430/718/1050
f 1486/718/1051 1485/718/1051 1431/718/1051
f 1486/718/912 1487/719/912 1412/719/912
f 1486/718/1052 1415/718/1052 1413/719/1052
f 1487/719/1053 1484/719/1053 1428/719/1053
f 1484/719/1054 1487/719/1054 1413/719/1054
f 1489/724/1055 1418/724/1055 1434/724/1055
f 1488/724/1056 1435/724/1056 1419/724/1056
f 1490/724/1057 1414/724/1057 1418/724/1057
f 1489/724/1058 1419/724/1058 1415/724/1058
f 1491/724/1059 1430/724/1059 1414/724/1059
f 1491/724/1060 1490/724/1060 1415/724/1060
f 1491/724/1061 1488/724/1061 1434/724/1061
f 1488/724/1062 1491/724/1062 1431/724/1062
f 1492/724/1063 1493/724/1063 1434/724/1063
f 1493/724/1064 1492/724/1064 1419/724/1064
f 1494/724/1065 1432/724/1065 1434/724/1065
f 1493/724/1066 1435/724/1066 1433/724/1066
f 1494/724/1067 1495/724/1067 1416/724/1067
f 1494/724/1068 1433/724/1068 1417/724/1068
f 1495/724/1069 1492/724/1069 1418/724/1069
f 1492/724/1070 1495/724/1070 1417/724/1070
f 1496/724/1071 1497/724/1071 1412/724/1071
f 1496/724/1072 1429/724/1072 1413/724/1072
f 1498/724/934 1416/724/934 1412/724/934
f 1498/724/935 1497/724/935 1413/724/935
f 1498/724/1073 1499/724/1073 1432/724/1073
f 1498/724/1074 1417/724/1074 1433/724/1074
f 1496/724/938 1428/724/938 1432/724/938
f 1496/724/939 1499/724/939 1433/724/939
f 1501/724/1075 1404/724/1075 1420/724/1075
f 1500/724/1076 1421/724/1076 1405/724/1076
f 1501/724/942 1502/724/942 1412/724/942
f 1501/724/943 1405/724/943 1413/724/943
f 1503/724/1077 1428/724/1077 1412/724/1077
f 1503/724/1078 1502/724/1078 1413/724/1078
f 1503/724/946 1500/724/946 1420/724/946
f 1503/724/947 1429/724/947 1421/724/947
f 1504/724/1079 1505/724/1079 1414/724/1079
f 1504/724/1080 1431/724/1080 1415/724/1080
f 1505/724/950 1506/724/950 1406/724/950
f 1506/724/951 1505/724/951 1415/724/951
f 1507/724/1081 1422/724/1081 1406/724/1081
f 1507/724/1082 1506/724/1082 1407/724/1082
f 1504/724/954 1430/724/954 1422/724/954
f 1507/724/955 1423/724/955 1431/724/955
f 1509/724/1083 1426/724/1083 1410/724/1083
f 1509/724/1084 1508/724/1084 1411/724/1084
f 1509/724/1085 1510/724/1085 1434/724/1085
f 1509/724/1086 1427/724/1086 1435/724/1086
f 1511/724/1087 1418/724/1087 1434/724/1087
f 1510/724/1088 1435/724/1088 1419/724/1088
f 1511/724/962 1508/724/962 1410/724/962
f 1511/724/963 1419/724/963 1411/724/963
f 1512/724/1089 1513/724/1089 1416/724/1089
f 1512/724/1090 1433/724/1090 1417/724/1090
f 1514/724/966 1408/724/966 1416/724/966
f 1513/724/967 1417/724/967 1409/724/967
f 1515/724/1091 1424/724/1091 1408/724/1091
f 1515/724/1092 1514/724/1092 1409/724/1092
f 1515/724/970 1512/724/970 1432/724/970
f 1512/724/971 1515/724/971 1425/724/971
f 1516/724/1093 1517/724/1093 1408/724/1093
f 1516/724/1094 1425/724/1094 1409/724/1094
f 1517/724/974 1518/724/974 1404/724/974
f 1518/724/1095 1517/724/1095 1409/724/1095
f 1518/724/1096 1519/724/1096 1420/724/1096
f 1519/724/1097 1518/724/1097 1405/724/1097
f 1516/724/978 1424/724/978 1420/724/978
f 1519/724/979 1421/724/979 1425/724/979
f 1520/724/1098 1521/724/1098 1410/724/1098
f 1520/724/1099 1427/724/1099 1411/724/1099
f 1522/724/1100 1408/724/1100 1410/724/1100
f 1522/724/1101 1521/724/1101 1411/724/1101
f 1522/724/1102 1523/724/1102 1424/724/1102
f 1522/724/1103 1409/724/1103 1425/724/1103
f 1520/724/1104 1426/724/1104 1424/724/1104
f 1520/724/1105 1523/724/1105 1425/724/1105
f 1525/724/1106 1406/724/1106 1422/724/1106
f 1525/724/1107 1524/724/1107 1423/724/1107
f 1525/724/1108 1526/724/1108 1410/724/1108
f 1525/724/1109 1407/724/1109 1411/724/1109
f 1526/724/1110 1527/724/1110 1426/724/1110
f 1527/724/1111 1526/724/1111 1411/724/1111
f 1527/724/1112 1524/724/1112 1422/724/1112
f 1527/724/1113 1427/724/1113 1423/724/1113
f 1529/724/1114 1404/724/1114 1420/724/1114
f 1528/724/1115 1421/724/1115 1405/724/1115
f 1530/724/1116 1406/724/1116 1404/724/1116
f 1529/724/999 1405/724/999 1407/724/999
f 1531/724/1117 1422/724/1117 1406/724/1117
f 1531/724/1118 1530/724/1118 1407/724/1118
f 1531/724/1002 1528/724/1002 1420/724/1002
f 1528/724/1003 1531/724/1003 1423/724/1003
o Circle
v 0.000091 780.346252 -0.752963
v -152.237946 765.352173 -0.752963
v -298.625366 720.945740 -0.752963
v -433.537109 648.834290 -0.752963
v -551.788086 551.788147 -0.752963
v -648.834229 433.537445 -0.752963
v -720.945679 298.625702 -0.752963
v -765.352112 152.238144 -0.752963
v -780.346191 0.000110 -0.752963
v -765.352112 -152.237946 -0.752963
v -720.945679 -298.625641 -0.752963
v -648.834229 -433.537079 -0.752963
v -551.788086 -551.788086 -0.752963
v -433.537109 -648.834229 -0.752963
v -298.625366 -720.945679 -0.752963
v -152.237946 -765.352112 -0.752963
v 0.000091 -780.346191 -0.752963
v 152.238144 -765.352112 -0.752963
v 298.625702 -720.945679 -0.752963
v 433.537140 -648.834229 -0.752963
v 551.788147 -551.788086 -0.752963
v 648.834290 -433.537079 -0.752963
v 720.945740 -298.625641 -0.752963
v 765.352173 -152.237946 -0.752963
v 780.346252 0.000110 -0.752963
v 765.352173 152.238144 -0.752963
v 720.945740 298.625702 -0.752963
v 648.834290 433.537445 -0.752963
v 551.788147 551.788147 -0.752963
v 433.537140 648.834290 -0.752963
v 298.625702 720.945740 -0.752963
v 152.238144 765.352173 -0.752963
v -6.602153 727.548218 -0.752963
v -163.746048 660.342529 -0.752963
v -313.154785 566.317261 -0.752963
v -449.086334 449.086395 -0.752963
v -566.317200 313.154785 -0.752963
v -660.341919 163.746262 -0.752963
v -727.548157 6.602368 -0.752963
v 144.546585 656.525696 -0.752963
v -13.406761 565.195007 -0.752963
v -169.164246 450.463440 -0.752963
v -316.739990 316.740326 -0.752963
v -450.463379 169.164459 -0.752963
v -565.194946 13.406987 -0.752963
v -656.525635 -144.546371 -0.752963
v 293.763123 556.651001 -0.752963
v 143.762192 442.012939 -0.752963
v -10.700798 309.326660 -0.752963
v -163.689941 163.690292 -0.752963
v -309.326294 10.700951 -0.752963
v -442.012909 -143.761993 -0.752963
v -556.650330 -293.762787 -0.752963
v 433.537140 433.537445 -0.752963
v 298.625702 298.625702 -0.752963
v 152.238007 152.238144 -0.752963
v 0.000102 0.000121 -0.752963
v -152.237946 -152.237946 -0.752963
v -298.625366 -298.625366 -0.752963
v -433.537109 -433.537079 -0.752963
v 556.651001 293.763123 -0.752963
v 442.012909 143.762207 -0.752963
v 309.326355 -10.700746 -0.752963
v 163.690277 -163.689941 -0.752963
v 10.700907 -309.326294 -0.752963
v -143.762009 -442.012909 -0.752963
v -293.762787 -556.650330 -0.752963
v 656.525696 144.546585 -0.752963
v 565.195007 -13.406764 -0.752963
v 450.463440 -169.164246 -0.752963
v 316.740295 -316.739960 -0.752963
v 169.164291 -450.463379 -0.752963
v 13.406943 -565.194946 -0.752963
v -144.546387 -656.525635 -0.752963
v 727.548218 -6.602099 -0.752963
v 660.342529 -163.746048 -0.752963
v 566.317261 -313.154755 -0.752963
v 449.086395 -449.086334 -0.752963
v 313.154785 -566.317200 -0.752963
v 163.746262 -660.342468 -0.752963
v 6.602314 -727.548157 -0.752963
v -76.118927 772.849182 -0.752963
v -225.431641 743.148987 -0.752963
v -366.081238 684.890015 -0.752963
v -492.662598 600.311218 -0.752963
v -600.311157 492.662811 -0.752963
v -684.889954 366.081573 -0.752963
v -743.148865 225.431931 -0.752963
v -772.849182 76.119125 -0.752963
v -772.849182 -76.118919 -0.752963
v -743.148865 -225.431793 -0.752963
v -684.889954 -366.081360 -0.752963
v -600.311157 -492.662598 -0.752963
v -492.662598 -600.311157 -0.752963
v -366.081238 -684.889954 -0.752963
v -225.431641 -743.148865 -0.752963
v -76.118927 -772.849182 -0.752963
v 76.119125 -772.849182 -0.752963
v 225.431931 -743.148865 -0.752963
v 366.081421 -684.889954 -0.752963
v 492.662659 -600.311157 -0.752963
v 600.311218 -492.662598 -0.752963
v 684.890015 -366.081360 -0.752963
v 743.148987 -225.431793 -0.752963
v 772.849182 -76.118919 -0.752963
v 772.849182 76.119125 -0.752963
v 743.148987 225.431931 -0.752963
v 684.890015 366.081573 -0.752963
v 600.311218 492.662811 -0.752963
v 492.662659 600.311218 -0.752963
v 366.081421 684.890015 -0.752963
v 225.431931 743.148987 -0.752963
v 76.119125 772.849182 -0.752963
v -79.420052 746.450256 -0.752963
v 72.817993 746.450256 -0.752963
v 68.972206 692.036926 -0.752963
v 221.586136 688.735718 -0.752963
v 219.154846 606.588318 -0.752963
v 363.650116 602.742676 -0.752963
v 363.650116 495.094269 -0.752963
v 492.662659 492.662811 -0.752963
v 495.094086 363.650299 -0.752963
v 602.742676 363.650299 -0.752963
v 606.588318 219.154846 -0.752963
v 688.735718 221.586136 -0.752963
v 692.036926 68.972244 -0.752963
v 746.450256 72.818024 -0.752963
v 746.450256 -79.420021 -0.752963
v -231.185715 690.644104 -0.752963
v -85.174103 693.945374 -0.752963
v -88.576408 612.768799 -0.752963
v 65.569908 610.860352 -0.752963
v 65.177719 503.603973 -0.752963
v 218.762665 499.331970 -0.752963
v 221.193939 370.319336 -0.752963
v 366.081421 366.081573 -0.752963
v 370.319305 221.193939 -0.752963
v 499.331970 218.762665 -0.752963
v 503.603943 65.177727 -0.752963
v 610.860352 65.569916 -0.752963
v 612.768799 -88.576408 -0.752963
v 693.945374 -85.174072 -0.752963
v 690.644104 -231.185837 -0.752963
v -373.345947 607.575806 -0.752963
v -238.450424 613.329895 -0.752963
v -241.159500 508.390320 -0.752963
v -91.285500 507.829193 -0.752963
v -89.932518 379.895020 -0.752963
v 66.530701 375.669800 -0.752963
v 70.768600 230.782410 -0.752963
v 225.431854 225.431931 -0.752963
v 230.782196 70.768707 -0.752963
v 375.669647 66.530731 -0.752963
v 379.894897 -89.932495 -0.752963
v 507.829193 -91.285500 -0.752963
v 508.390320 -241.159485 -0.752963
v 613.329895 -238.450394 -0.752963
v 607.575806 -373.345917 -0.752963
v -500.437225 500.437256 -0.752963
v -381.120575 507.701782 -0.752963
v -382.913177 382.913391 -0.752963
v -242.952118 383.601868 -0.752963
v -240.214966 240.215302 -0.752963
v -87.195366 236.508469 -0.752963
v -81.844917 81.845207 -0.752963
v 76.119049 76.119133 -0.752963
v 81.845184 -81.844910 -0.752963
v 236.508301 -87.195335 -0.752963
v 240.215302 -240.214935 -0.752963
v 383.601868 -242.952087 -0.752963
v 382.913361 -382.913177 -0.752963
v 507.701782 -381.120575 -0.752963
v 500.437256 -500.437225 -0.752963
v -607.575684 373.346130 -0.752963
v -507.701782 381.120605 -0.752963
v -508.390289 241.159637 -0.752963
v -383.601685 242.952408 -0.752963
v -379.894836 89.932709 -0.752963
v -236.508118 87.195618 -0.752963
v -230.782150 -70.768501 -0.752963
v -76.118919 -76.118912 -0.752963
v -70.768524 -230.782120 -0.752963
v 87.195595 -236.508102 -0.752963
v 89.932602 -379.894806 -0.752963
v 242.952301 -383.601654 -0.752963
v 241.159531 -508.390289 -0.752963
v 381.120575 -507.701782 -0.752963
v 373.345947 -607.575684 -0.752963
v -690.643799 231.185974 -0.752963
v -613.329529 238.450531 -0.752963
v -612.768433 88.576622 -0.752963
v -507.829163 91.285721 -0.752963
v -503.603943 -65.177505 -0.752963
v -375.669617 -66.530518 -0.752963
v -370.319153 -221.193680 -0.752963
v -225.431641 -225.431641 -0.752963
v -221.193680 -370.319153 -0.752963
v -66.530556 -375.669586 -0.752963
v -65.177528 -503.603943 -0.752963
v 91.285614 -507.829163 -0.752963
v 88.576591 -612.768677 -0.752963
v 238.450500 -613.329834 -0.752963
v 231.185974 -690.644104 -0.752963
v -746.450134 79.420258 -0.752963
v -693.945068 85.174316 -0.752963
v -692.036926 -68.972000 -0.752963
v -610.860291 -65.569695 -0.752963
v -606.588013 -219.154587 -0.752963
v -499.331604 -218.762390 -0.752963
v -495.093719 -363.649933 -0.752963
v -366.081238 -366.081207 -0.752963
v -363.649933 -495.093719 -0.752963
v -218.762390 -499.331604 -0.752963
v -219.154587 -606.588013 -0.752963
v -65.569725 -610.860291 -0.752963
v -68.972038 -692.036926 -0.752963
v 85.174286 -693.945312 -0.752963
v 79.420235 -746.450134 -0.752963
v -746.450134 -72.817787 -0.752963
v -688.735718 -221.585999 -0.752963
v -602.742310 -363.649933 -0.752963
v -492.662598 -492.662598 -0.752963
v -363.649933 -602.742310 -0.752963
v -221.585876 -688.735718 -0.752963
v -72.817818 -746.450134 -0.752963
v 1.650654 -759.649597 -0.752963
v -147.201843 -717.592896 -0.752963
v -292.617920 -645.739014 -0.752963
v -428.156250 -547.702454 -0.752963
v -547.702454 -428.156250 -0.752963
v -645.739014 -292.617981 -0.752963
v -717.592896 -147.201889 -0.752963
v -759.649597 1.650674 -0.752963
v 155.303116 -718.547119 -0.752963
v 9.802279 -652.402832 -0.752963
v -142.166061 -555.095947 -0.752963
v -292.421814 -432.706421 -0.752963
v -432.706421 -292.421783 -0.752963
v -555.095947 -142.166046 -0.752963
v -652.402649 9.802306 -0.752963
v -718.546997 155.303116 -0.752963
v 302.265961 -649.109924 -0.752963
v 164.868057 -560.579468 -0.752963
v 12.377530 -441.749359 -0.752963
v -145.981094 -300.550629 -0.752963
v -300.550629 -145.981094 -0.752963
v -441.749359 12.377597 -0.752963
v -560.579346 164.868134 -0.752963
v -649.109741 302.266052 -0.752963
v 436.891602 -554.006409 -0.752963
v 312.036469 -445.651733 -0.752963
v 165.073959 -310.054871 -0.752963
v 5.538334 -156.313522 -0.752963
v -156.313522 5.538354 -0.752963
v -310.054901 165.074005 -0.752963
v -445.651733 312.036499 -0.752963
v -554.006409 436.891693 -0.752963
v 554.006531 -436.891571 -0.752963
v 445.651825 -312.036316 -0.752963
v 310.055084 -165.073715 -0.752963
v 156.313705 -5.538102 -0.752963
v -5.538155 156.313812 -0.752963
v -165.073746 310.055176 -0.752963
v -312.036346 445.651855 -0.752963
v -436.891571 554.006531 -0.752963
v 649.109985 -302.265869 -0.752963
v 560.579590 -164.867950 -0.752963
v 441.749420 -12.377384 -0.752963
v 300.550751 145.981339 -0.752963
v 145.981277 300.550842 -0.752963
v -12.377404 441.749512 -0.752963
v -164.867950 560.579590 -0.752963
v -302.265839 649.109985 -0.752963
v 718.547180 -155.302917 -0.752963
v 652.402893 -9.802080 -0.752963
v 555.096130 142.166290 -0.752963
v 432.706696 292.422119 -0.752963
v 292.422058 432.706818 -0.752963
v 142.166290 555.096130 -0.752963
v -9.802100 652.402893 -0.752963
v -155.302887 718.547180 -0.752963
v 759.649719 -1.650441 -0.752963
v 717.592957 147.202087 -0.752963
v 645.739197 292.618195 -0.752963
v 547.702637 428.156555 -0.752963
v 428.156403 547.702759 -0.752963
v 292.618134 645.739197 -0.752963
v 147.202072 717.592957 -0.752963
v -1.650461 759.649719 -0.752963
vn -0.0000 -0.0000 1.0000
vt 0.000000 0.000000
s 0
usemtl desert
f 1646/726/1119 1644/726/1119 1820/726/1119
f 1648/726/1119 1643/726/1119 1819/726/1119
f 1650/726/1119 1642/726/1119 1818/726/1119
f 1652/726/1119 1641/726/1119 1817/726/1119
f 1816/726/1119 1559/726/1119 1640/726/1119
f 1815/726/1119 1558/726/1119 1639/726/1119
f 1814/726/1119 1557/726/1119 1638/726/1119
f 1813/726/1119 1556/726/1119 1637/726/1119
f 1661/726/1119 1645/726/1119 1812/726/1119
f 1663/726/1119 1647/726/1119 1811/726/1119
f 1665/726/1119 1649/726/1119 1810/726/1119
f 1667/726/1119 1651/726/1119 1809/726/1119
f 1808/726/1119 1592/726/1119 1653/726/1119
f 1807/726/1119 1599/726/1119 1655/726/1119
f 1806/726/1119 1606/726/1119 1657/726/1119
f 1805/726/1119 1555/726/1119 1659/726/1119
f 1676/726/1119 1660/726/1119 1804/726/1119
f 1678/726/1119 1662/726/1119 1803/726/1119
f 1680/726/1119 1664/726/1119 1802/726/1119
f 1682/726/1119 1666/726/1119 1801/726/1119
f 1800/726/1119 1593/726/1119 1668/726/1119
f 1799/726/1119 1600/726/1119 1670/726/1119
f 1798/726/1119 1607/726/1119 1672/726/1119
f 1797/726/1119 1554/726/1119 1674/726/1119
f 1691/726/1119 1675/726/1119 1796/726/1119
f 1693/726/1119 1677/726/1119 1795/726/1119
f 1695/726/1119 1679/726/1119 1794/726/1119
f 1697/726/1119 1681/726/1119 1793/726/1119
f 1792/726/1119 1594/726/1119 1683/726/1119
f 1791/726/1119 1601/726/1119 1685/726/1119
f 1790/726/1119 1608/726/1119 1687/726/1119
f 1789/726/1119 1553/726/1119 1689/726/1119
f 1788/726/1119 1567/726/1119 1690/726/1119
f 1787/726/1119 1574/726/1119 1692/726/1119
f 1786/726/1119 1581/726/1119 1694/726/1119
f 1785/726/1119 1588/726/1119 1696/726/1119
f 1714/726/1119 1698/726/1119 1784/726/1119
f 1716/726/1119 1700/726/1119 1783/726/1119
f 1718/726/1119 1702/726/1119 1782/726/1119
f 1632/726/1119 1704/726/1119 1781/726/1119
f 1780/726/1119 1568/726/1119 1705/726/1119
f 1779/726/1119 1575/726/1119 1707/726/1119
f 1778/726/1119 1582/726/1119 1709/726/1119
f 1777/726/1119 1589/726/1119 1711/726/1119
f 1729/726/1119 1713/726/1119 1776/726/1119
f 1731/726/1119 1715/726/1119 1775/726/1119
f 1733/726/1119 1717/726/1119 1774/726/1119
f 1631/726/1119 1719/726/1119 1773/726/1119
f 1772/726/1119 1569/726/1119 1720/726/1119
f 1771/726/1119 1576/726/1119 1722/726/1119
f 1770/726/1119 1583/726/1119 1724/726/1119
f 1769/726/1119 1590/726/1119 1726/726/1119
f 1744/726/1119 1728/726/1119 1768/726/1119
f 1746/726/1119 1730/726/1119 1767/726/1119
f 1748/726/1119 1732/726/1119 1766/726/1119
f 1630/726/1119 1734/726/1119 1765/726/1119
f 1764/726/1119 1570/726/1119 1735/726/1119
f 1763/726/1119 1577/726/1119 1737/726/1119
f 1762/726/1119 1584/726/1119 1739/726/1119
f 1761/726/1119 1591/726/1119 1741/726/1119
f 1754/726/1119 1743/726/1119 1760/726/1119
f 1755/726/1119 1745/726/1119 1759/726/1119
f 1756/726/1119 1747/726/1119 1758/726/1119
f 1629/726/1119 1749/726/1119 1757/726/1119
f 1757/726/1119 1612/726/1119 1756/726/1119
f 1628/726/1119 1756/726/1119 1547/726/1119
f 1548/726/1119 1757/726/1119 1628/726/1119
f 1758/726/1119 1605/726/1119 1755/726/1119
f 1627/726/1119 1755/726/1119 1546/726/1119
f 1547/726/1119 1758/726/1119 1627/726/1119
f 1759/726/1119 1598/726/1119 1754/726/1119
f 1626/726/1119 1754/726/1119 1545/726/1119
f 1546/726/1119 1759/726/1119 1626/726/1119
f 1760/726/1119 1591/726/1119 1753/726/1119
f 1625/726/1119 1753/726/1119 1544/726/1119
f 1545/726/1119 1760/726/1119 1625/726/1119
f 1752/726/1119 1741/726/1119 1584/726/1119
f 1543/726/1119 1761/726/1119 1752/726/1119
f 1624/726/1119 1753/726/1119 1761/726/1119
f 1751/726/1119 1739/726/1119 1577/726/1119
f 1542/726/1119 1762/726/1119 1751/726/1119
f 1623/726/1119 1752/726/1119 1762/726/1119
f 1750/726/1119 1737/726/1119 1570/726/1119
f 1541/726/1119 1763/726/1119 1750/726/1119
f 1622/726/1119 1751/726/1119 1763/726/1119
f 1620/726/1119 1735/726/1119 1539/726/1119
f 1540/726/1119 1764/726/1119 1620/726/1119
f 1621/726/1119 1750/726/1119 1764/726/1119
f 1765/726/1119 1611/726/1119 1748/726/1119
f 1749/726/1119 1748/726/1119 1612/726/1119
f 1549/726/1119 1765/726/1119 1749/726/1119
f 1766/726/1119 1604/726/1119 1746/726/1119
f 1747/726/1119 1746/726/1119 1605/726/1119
f 1612/726/1119 1766/726/1119 1747/726/1119
f 1767/726/1119 1597/726/1119 1744/726/1119
f 1745/726/1119 1744/726/1119 1598/726/1119
f 1605/726/1119 1767/726/1119 1745/726/1119
f 1768/726/1119 1590/726/1119 1742/726/1119
f 1743/726/1119 1742/726/1119 1591/726/1119
f 1598/726/1119 1768/726/1119 1743/726/1119
f 1740/726/1119 1726/726/1119 1583/726/1119
f 1584/726/1119 1769/726/1119 1740/726/1119
f 1741/726/1119 1742/726/1119 1769/726/1119
f 1738/726/1119 1724/726/1119 1576/726/1119
f 1577/726/1119 1770/726/1119 1738/726/1119
f 1739/726/1119 1740/726/1119 1770/726/1119
f 1736/726/1119 1722/726/1119 1569/726/1119
f 1570/726/1119 1771/726/1119 1736/726/1119
f 1737/726/1119 1738/726/1119 1771/726/1119
f 1619/726/1119 1720/726/1119 1538/726/1119
f 1539/726/1119 1772/726/1119 1619/726/1119
f 1735/726/1119 1736/726/1119 1772/726/1119
f 1773/726/1119 1610/726/1119 1733/726/1119
f 1734/726/1119 1733/726/1119 1611/726/1119
f 1550/726/1119 1773/726/1119 1734/726/1119
f 1774/726/1119 1603/726/1119 1731/726/1119
f 1732/726/1119 1731/726/1119 1604/726/1119
f 1611/726/1119 1774/726/1119 1732/726/1119
f 1775/726/1119 1596/726/1119 1729/726/1119
f 1730/726/1119 1729/726/1119 1597/726/1119
f 1604/726/1119 1775/726/1119 1730/726/1119
f 1776/726/1119 1589/726/1119 1727/726/1119
f 1728/726/1119 1727/726/1119 1590/726/1119
f 1597/726/1119 1776/726/1119 1728/726/1119
f 1725/726/1119 1711/726/1119 1582/726/1119
f 1583/726/1119 1777/726/1119 1725/726/1119
f 1726/726/1119 1727/726/1119 1777/726/1119
f 1723/726/1119 1709/726/1119 1575/726/1119
f 1576/726/1119 1778/726/1119 1723/726/1119
f 1724/726/1119 1725/726/1119 1778/726/1119
f 1721/726/1119 1707/726/1119 1568/726/1119
f 1569/726/1119 1779/726/1119 1721/726/1119
f 1722/726/1119 1723/726/1119 1779/726/1119
f 1618/726/1119 1705/726/1119 1537/726/1119
f 1538/726/1119 1780/726/1119 1618/726/1119
f 1720/726/1119 1721/726/1119 1780/726/1119
f 1781/726/1119 1609/726/1119 1718/726/1119
f 1719/726/1119 1718/726/1119 1610/726/1119
f 1551/726/1119 1781/726/1119 1719/726/1119
f 1782/726/1119 1602/726/1119 1716/726/1119
f 1717/726/1119 1716/726/1119 1603/726/1119
f 1610/726/1119 1782/726/1119 1717/726/1119
f 1783/726/1119 1595/726/1119 1714/726/1119
f 1715/726/1119 1714/726/1119 1596/726/1119
f 1603/726/1119 1783/726/1119 1715/726/1119
f 1784/726/1119 1588/726/1119 1712/726/1119
f 1713/726/1119 1712/726/1119 1589/726/1119
f 1596/726/1119 1784/726/1119 1713/726/1119
f 1710/726/1119 1696/726/1119 1581/726/1119
f 1582/726/1119 1785/726/1119 1710/726/1119
f 1711/726/1119 1712/726/1119 1785/726/1119
f 1708/726/1119 1694/726/1119 1574/726/1119
f 1575/726/1119 1786/726/1119 1708/726/1119
f 1709/726/1119 1710/726/1119 1786/726/1119
f 1706/726/1119 1692/726/1119 1567/726/1119
f 1568/726/1119 1787/726/1119 1706/726/1119
f 1707/726/1119 1708/726/1119 1787/726/1119
f 1617/726/1119 1690/726/1119 1536/726/1119
f 1537/726/1119 1788/726/1119 1617/726/1119
f 1705/726/1119 1706/726/1119 1788/726/1119
f 1703/726/1119 1689/726/1119 1608/726/1119
f 1609/726/1119 1789/726/1119 1703/726/1119
f 1704/726/1119 1633/726/1119 1789/726/1119
f 1701/726/1119 1687/726/1119 1601/726/1119
f 1602/726/1119 1790/726/1119 1701/726/1119
f 1702/726/1119 1703/726/1119 1790/726/1119
f 1699/726/1119 1685/726/1119 1594/726/1119
f 1595/726/1119 1791/726/1119 1699/726/1119
f 1700/726/1119 1701/726/1119 1791/726/1119
f 1697/726/1119 1683/726/1119 1587/726/1119
f 1588/726/1119 1792/726/1119 1697/726/1119
f 1698/726/1119 1699/726/1119 1792/726/1119
f 1793/726/1119 1580/726/1119 1695/726/1119
f 1696/726/1119 1695/726/1119 1581/726/1119
f 1588/726/1119 1793/726/1119 1696/726/1119
f 1794/726/1119 1573/726/1119 1693/726/1119
f 1694/726/1119 1693/726/1119 1574/726/1119
f 1581/726/1119 1794/726/1119 1694/726/1119
f 1795/726/1119 1566/726/1119 1691/726/1119
f 1692/726/1119 1691/726/1119 1567/726/1119
f 1574/726/1119 1795/726/1119 1692/726/1119
f 1796/726/1119 1535/726/1119 1616/726/1119
f 1690/726/1119 1616/726/1119 1536/726/1119
f 1567/726/1119 1796/726/1119 1690/726/1119
f 1688/726/1119 1674/726/1119 1607/726/1119
f 1608/726/1119 1797/726/1119 1688/726/1119
f 1689/726/1119 1634/726/1119 1797/726/1119
f 1686/726/1119 1672/726/1119 1600/726/1119
f 1601/726/1119 1798/726/1119 1686/726/1119
f 1687/726/1119 1688/726/1119 1798/726/1119
f 1684/726/1119 1670/726/1119 1593/726/1119
f 1594/726/1119 1799/726/1119 1684/726/1119
f 1685/726/1119 1686/726/1119 1799/726/1119
f 1682/726/1119 1668/726/1119 1586/726/1119
f 1587/726/1119 1800/726/1119 1682/726/1119
f 1683/726/1119 1684/726/1119 1800/726/1119
f 1801/726/1119 1579/726/1119 1680/726/1119
f 1681/726/1119 1680/726/1119 1580/726/1119
f 1587/726/1119 1801/726/1119 1681/726/1119
f 1802/726/1119 1572/726/1119 1678/726/1119
f 1679/726/1119 1678/726/1119 1573/726/1119
f 1580/726/1119 1802/726/1119 1679/726/1119
f 1803/726/1119 1565/726/1119 1676/726/1119
f 1677/726/1119 1676/726/1119 1566/726/1119
f 1573/726/1119 1803/726/1119 1677/726/1119
f 1804/726/1119 1534/726/1119 1615/726/1119
f 1675/726/1119 1615/726/1119 1535/726/1119
f 1566/726/1119 1804/726/1119 1675/726/1119
f 1673/726/1119 1659/726/1119 1606/726/1119
f 1607/726/1119 1805/726/1119 1673/726/1119
f 1674/726/1119 1635/726/1119 1805/726/1119
f 1671/726/1119 1657/726/1119 1599/726/1119
f 1600/726/1119 1806/726/1119 1671/726/1119
f 1672/726/1119 1673/726/1119 1806/726/1119
f 1669/726/1119 1655/726/1119 1592/726/1119
f 1593/726/1119 1807/726/1119 1669/726/1119
f 1670/726/1119 1671/726/1119 1807/726/1119
f 1667/726/1119 1653/726/1119 1585/726/1119
f 1586/726/1119 1808/726/1119 1667/726/1119
f 1668/726/1119 1669/726/1119 1808/726/1119
f 1809/726/1119 1578/726/1119 1665/726/1119
f 1666/726/1119 1665/726/1119 1579/726/1119
f 1586/726/1119 1809/726/1119 1666/726/1119
f 1810/726/1119 1571/726/1119 1663/726/1119
f 1664/726/1119 1663/726/1119 1572/726/1119
f 1579/726/1119 1810/726/1119 1664/726/1119
f 1811/726/1119 1564/726/1119 1661/726/1119
f 1662/726/1119 1661/726/1119 1565/726/1119
f 1572/726/1119 1811/726/1119 1662/726/1119
f 1812/726/1119 1533/726/1119 1614/726/1119
f 1660/726/1119 1614/726/1119 1534/726/1119
f 1565/726/1119 1812/726/1119 1660/726/1119
f 1658/726/1119 1637/726/1119 1557/726/1119
f 1606/726/1119 1813/726/1119 1658/726/1119
f 1659/726/1119 1636/726/1119 1813/726/1119
f 1656/726/1119 1638/726/1119 1558/726/1119
f 1599/726/1119 1814/726/1119 1656/726/1119
f 1657/726/1119 1658/726/1119 1814/726/1119
f 1654/726/1119 1639/726/1119 1559/726/1119
f 1592/726/1119 1815/726/1119 1654/726/1119
f 1655/726/1119 1656/726/1119 1815/726/1119
f 1652/726/1119 1640/726/1119 1560/726/1119
f 1585/726/1119 1816/726/1119 1652/726/1119
f 1653/726/1119 1654/726/1119 1816/726/1119
f 1817/726/1119 1561/726/1119 1650/726/1119
f 1651/726/1119 1650/726/1119 1578/726/1119
f 1585/726/1119 1817/726/1119 1651/726/1119
f 1818/726/1119 1562/726/1119 1648/726/1119
f 1649/726/1119 1648/726/1119 1571/726/1119
f 1578/726/1119 1818/726/1119 1649/726/1119
f 1819/726/1119 1563/726/1119 1646/726/1119
f 1647/726/1119 1646/726/1119 1564/726/1119
f 1571/726/1119 1819/726/1119 1647/726/1119
f 1820/726/1119 1532/726/1119 1613/726/1119
f 1645/726/1119 1613/726/1119 1533/726/1119
f 1564/726/1119 1820/726/1119 1645/726/1119
f 1646/726/1119 1563/726/1119 1644/726/1119
f 1648/726/1119 1562/726/1119 1643/726/1119
f 1650/726/1119 1561/726/1119 1642/726/1119
f 1652/726/1119 1560/726/1119 1641/726/1119
f 1816/726/1119 1654/726/1119 1559/726/1119
f 1815/726/1119 1656/726/1119 1558/726/1119
f 1814/726/1119 1658/726/1119 1557/726/1119
f 1813/726/1119 1636/726/1119 1556/726/1119
f 1661/726/1119 1564/726/1119 1645/726/1119
f 1663/726/1119 1571/726/1119 1647/726/1119
f 1665/726/1119 1578/726/1119 1649/726/1119
f 1667/726/1119 1585/726/1119 1651/726/1119
f 1808/726/1119 1669/726/1119 1592/726/1119
f 1807/726/1119 1671/726/1119 1599/726/1119
f 1806/726/1119 1673/726/1119 1606/726/1119
f 1805/726/1119 1635/726/1119 1555/726/1119
f 1676/726/1119 1565/726/1119 1660/726/1119
f 1678/726/1119 1572/726/1119 1662/726/1119
f 1680/726/1119 1579/726/1119 1664/726/1119
f 1682/726/1119 1586/726/1119 1666/726/1119
f 1800/726/1119 1684/726/1119 1593/726/1119
f 1799/726/1119 1686/726/1119 1600/726/1119
f 1798/726/1119 1688/726/1119 1607/726/1119
f 1797/726/1119 1634/726/1119 1554/726/1119
f 1691/726/1119 1566/726/1119 1675/726/1119
f 1693/726/1119 1573/726/1119 1677/726/1119
f 1695/726/1119 1580/726/1119 1679/726/1119
f 1697/726/1119 1587/726/1119 1681/726/1119
f 1792/726/1119 1699/726/1119 1594/726/1119
f 1791/726/1119 1701/726/1119 1601/726/1119
f 1790/726/1119 1703/726/1119 1608/726/1119
f 1789/726/1119 1633/726/1119 1553/726/1119
f 1788/726/1119 1706/726/1119 1567/726/1119
f 1787/726/1119 1708/726/1119 1574/726/1119
f 1786/726/1119 1710/726/1119 1581/726/1119
f 1785/726/1119 1712/726/1119 1588/726/1119
f 1714/726/1119 1595/726/1119 1698/726/1119
f 1716/726/1119 1602/726/1119 1700/726/1119
f 1718/726/1119 1609/726/1119 1702/726/1119
f 1632/726/1119 1552/726/1119 1704/726/1119
f 1780/726/1119 1721/726/1119 1568/726/1119
f 1779/726/1119 1723/726/1119 1575/726/1119
f 1778/726/1119 1725/726/1119 1582/726/1119
f 1777/726/1119 1727/726/1119 1589/726/1119
f 1729/726/1119 1596/726/1119 1713/726/1119
f 1731/726/1119 1603/726/1119 1715/726/1119
f 1733/726/1119 1610/726/1119 1717/726/1119
f 1631/726/1119 1551/726/1119 1719/726/1119
f 1772/726/1119 1736/726/1119 1569/726/1119
f 1771/726/1119 1738/726/1119 1576/726/1119
f 1770/726/1119 1740/726/1119 1583/726/1119
f 1769/726/1119 1742/726/1119 1590/726/1119
f 1744/726/1119 1597/726/1119 1728/726/1119
f 1746/726/1119 1604/726/1119 1730/726/1119
f 1748/726/1119 1611/726/1119 1732/726/1119
f 1630/726/1119 1550/726/1119 1734/726/1119
f 1764/726/1119 1750/726/1119 1570/726/1119
f 1763/726/1119 1751/726/1119 1577/726/1119
f 1762/726/1119 1752/726/1119 1584/726/1119
f 1761/726/1119 1753/726/1119 1591/726/1119
f 1754/726/1119 1598/726/1119 1743/726/1119
f 1755/726/1119 1605/726/1119 1745/726/1119
f 1756/726/1119 1612/726/1119 1747/726/1119
f 1629/726/1119 1549/726/1119 1749/726/1119
f 1757/726/1119 1749/726/1119 1612/726/1119
f 1628/726/1119 1757/726/1119 1756/726/1119
f 1548/726/1119 1629/726/1119 1757/726/1119
f 1758/726/1119 1747/726/1119 1605/726/1119
f 1627/726/1119 1758/726/1119 1755/726/1119
f 1547/726/1119 1756/726/1119 1758/726/1119
f 1759/726/1119 1745/726/1119 1598/726/1119
f 1626/726/1119 1759/726/1119 1754/726/1119
f 1546/726/1119 1755/726/1119 1759/726/1119
f 1760/726/1119 1743/726/1119 1591/726/1119
f 1625/726/1119 1760/726/1119 1753/726/1119
f 1545/726/1119 1754/726/1119 1760/726/1119
f 1752/726/1119 1761/726/1119 1741/726/1119
f 1543/726/1119 1624/726/1119 1761/726/1119
f 1624/726/1119 1544/726/1119 1753/726/1119
f 1751/726/1119 1762/726/1119 1739/726/1119
f 1542/726/1119 1623/726/1119 1762/726/1119
f 1623/726/1119 1543/726/1119 1752/726/1119
f 1750/726/1119 1763/726/1119 1737/726/1119
f 1541/726/1119 1622/726/1119 1763/726/1119
f 1622/726/1119 1542/726/1119 1751/726/1119
f 1620/726/1119 1764/726/1119 1735/726/1119
f 1540/726/1119 1621/726/1119 1764/726/1119
f 1621/726/1119 1541/726/1119 1750/726/1119
f 1765/726/1119 1734/726/1119 1611/726/1119
f 1749/726/1119 1765/726/1119 1748/726/1119
f 1549/726/1119 1630/726/1119 1765/726/1119
f 1766/726/1119 1732/726/1119 1604/726/1119
f 1747/726/1119 1766/726/1119 1746/726/1119
f 1612/726/1119 1748/726/1119 1766/726/1119
f 1767/726/1119 1730/726/1119 1597/726/1119
f 1745/726/1119 1767/726/1119 1744/726/1119
f 1605/726/1119 1746/726/1119 1767/726/1119
f 1768/726/1119 1728/726/1119 1590/726/1119
f 1743/726/1119 1768/726/1119 1742/726/1119
f 1598/726/1119 1744/726/1119 1768/726/1119
f 1740/726/1119 1769/726/1119 1726/726/1119
f 1584/726/1119 1741/726/1119 1769/726/1119
f 1741/726/1119 1591/726/1119 1742/726/1119
f 1738/726/1119 1770/726/1119 1724/726/1119
f 1577/726/1119 1739/726/1119 1770/726/1119
f 1739/726/1119 1584/726/1119 1740/726/1119
f 1736/726/1119 1771/726/1119 1722/726/1119
f 1570/726/1119 1737/726/1119 1771/726/1119
f 1737/726/1119 1577/726/1119 1738/726/1119
f 1619/726/1119 1772/726/1119 1720/726/1119
f 1539/726/1119 1735/726/1119 1772/726/1119
f 1735/726/1119 1570/726/1119 1736/726/1119
f 1773/726/1119 1719/726/1119 1610/726/1119
f 1734/726/1119 1773/726/1119 1733/726/1119
f 1550/726/1119 1631/726/1119 1773/726/1119
f 1774/726/1119 1717/726/1119 1603/726/1119
f 1732/726/1119 1774/726/1119 1731/726/1119
f 1611/726/1119 1733/726/1119 1774/726/1119
f 1775/726/1119 1715/726/1119 1596/726/1119
f 1730/726/1119 1775/726/1119 1729/726/1119
f 1604/726/1119 1731/726/1119 1775/726/1119
f 1776/726/1119 1713/726/1119 1589/726/1119
f 1728/726/1119 1776/726/1119 1727/726/1119
f 1597/726/1119 1729/726/1119 1776/726/1119
f 1725/726/1119 1777/726/1119 1711/726/1119
f 1583/726/1119 1726/726/1119 1777/726/1119
f 1726/726/1119 1590/726/1119 1727/726/1119
f 1723/726/1119 1778/726/1119 1709/726/1119
f 1576/726/1119 1724/726/1119 1778/726/1119
f 1724/726/1119 1583/726/1119 1725/726/1119
f 1721/726/1119 1779/726/1119 1707/726/1119
f 1569/726/1119 1722/726/1119 1779/726/1119
f 1722/726/1119 1576/726/1119 1723/726/1119
f 1618/726/1119 1780/726/1119 1705/726/1119
f 1538/726/1119 1720/726/1119 1780/726/1119
f 1720/726/1119 1569/726/1119 1721/726/1119
f 1781/726/1119 1704/726/1119 1609/726/1119
f 1719/726/1119 1781/726/1119 1718/726/1119
f 1551/726/1119 1632/726/1119 1781/726/1119
f 1782/726/1119 1702/726/1119 1602/726/1119
f 1717/726/1119 1782/726/1119 1716/726/1119
f 1610/726/1119 1718/726/1119 1782/726/1119
f 1783/726/1119 1700/726/1119 1595/726/1119
f 1715/726/1119 1783/726/1119 1714/726/1119
f 1603/726/1119 1716/726/1119 1783/726/1119
f 1784/726/1119 1698/726/1119 1588/726/1119
f 1713/726/1119 1784/726/1119 1712/726/1119
f 1596/726/1119 1714/726/1119 1784/726/1119
f 1710/726/1119 1785/726/1119 1696/726/1119
f 1582/726/1119 1711/726/1119 1785/726/1119
f 1711/726/1119 1589/726/1119 1712/726/1119
f 1708/726/1119 1786/726/1119 1694/726/1119
f 1575/726/1119 1709/726/1119 1786/726/1119
f 1709/726/1119 1582/726/1119 1710/726/1119
f 1706/726/1119 1787/726/1119 1692/726/1119
f 1568/726/1119 1707/726/1119 1787/726/1119
f 1707/726/1119 1575/726/1119 1708/726/1119
f 1617/726/1119 1788/726/1119 1690/726/1119
f 1537/726/1119 1705/726/1119 1788/726/1119
f 1705/726/1119 1568/726/1119 1706/726/1119
f 1703/726/1119 1789/726/1119 1689/726/1119
f 1609/726/1119 1704/726/1119 1789/726/1119
f 1704/726/1119 1552/726/1119 1633/726/1119
f 1701/726/1119 1790/726/1119 1687/726/1119
f 1602/726/1119 1702/726/1119 1790/726/1119
f 1702/726/1119 1609/726/1119 1703/726/1119
f 1699/726/1119 1791/726/1119 1685/726/1119
f 1595/726/1119 1700/726/1119 1791/726/1119
f 1700/726/1119 1602/726/1119 1701/726/1119
f 1697/726/1119 1792/726/1119 1683/726/1119
f 1588/726/1119 1698/726/1119 1792/726/1119
f 1698/726/1119 1595/726/1119 1699/726/1119
f 1793/726/1119 1681/726/1119 1580/726/1119
f 1696/726/1119 1793/726/1119 1695/726/1119
f 1588/726/1119 1697/726/1119 1793/726/1119
f 1794/726/1119 1679/726/1119 1573/726/1119
f 1694/726/1119 1794/726/1119 1693/726/1119
f 1581/726/1119 1695/726/1119 1794/726/1119
f 1795/726/1119 1677/726/1119 1566/726/1119
f 1692/726/1119 1795/726/1119 1691/726/1119
f 1574/726/1119 1693/726/1119 1795/726/1119
f 1796/726/1119 1675/726/1119 1535/726/1119
f 1690/726/1119 1796/726/1119 1616/726/1119
f 1567/726/1119 1691/726/1119 1796/726/1119
f 1688/726/1119 1797/726/1119 1674/726/1119
f 1608/726/1119 1689/726/1119 1797/726/1119
f 1689/726/1119 1553/726/1119 1634/726/1119
f 1686/726/1119 1798/726/1119 1672/726/1119
f 1601/726/1119 1687/726/1119 1798/726/1119
f 1687/726/1119 1608/726/1119 1688/726/1119
f 1684/726/1119 1799/726/1119 1670/726/1119
f 1594/726/1119 1685/726/1119 1799/726/1119
f 1685/726/1119 1601/726/1119 1686/726/1119
f 1682/726/1119 1800/726/1119 1668/726/1119
f 1587/726/1119 1683/726/1119 1800/726/1119
f 1683/726/1119 1594/726/1119 1684/726/1119
f 1801/726/1119 1666/726/1119 1579/726/1119
f 1681/726/1119 1801/726/1119 1680/726/1119
f 1587/726/1119 1682/726/1119 1801/726/1119
f 1802/726/1119 1664/726/1119 1572/726/1119
f 1679/726/1119 1802/726/1119 1678/726/1119
f 1580/726/1119 1680/726/1119 1802/726/1119
f 1803/726/1119 1662/726/1119 1565/726/1119
f 1677/726/1119 1803/726/1119 1676/726/1119
f 1573/726/1119 1678/726/1119 1803/726/1119
f 1804/726/1119 1660/726/1119 1534/726/1119
f 1675/726/1119 1804/726/1119 1615/726/1119
f 1566/726/1119 1676/726/1119 1804/726/1119
f 1673/726/1119 1805/726/1119 1659/726/1119
f 1607/726/1119 1674/726/1119 1805/726/1119
f 1674/726/1119 1554/726/1119 1635/726/1119
f 1671/726/1119 1806/726/1119 1657/726/1119
f 1600/726/1119 1672/726/1119 1806/726/1119
f 1672/726/1119 1607/726/1119 1673/726/1119
f 1669/726/1119 1807/726/1119 1655/726/1119
f 1593/726/1119 1670/726/1119 1807/726/1119
f 1670/726/1119 1600/726/1119 1671/726/1119
f 1667/726/1119 1808/726/1119 1653/726/1119
f 1586/726/1119 1668/726/1119 1808/726/1119
f 1668/726/1119 1593/726/1119 1669/726/1119
f 1809/726/1119 1651/726/1119 1578/726/1119
f 1666/726/1119 1809/726/1119 1665/726/1119
f 1586/726/1119 1667/726/1119 1809/726/1119
f 1810/726/1119 1649/726/1119 1571/726/1119
f 1664/726/1119 1810/726/1119 1663/726/1119
f 1579/726/1119 1665/726/1119 1810/726/1119
f 1811/726/1119 1647/726/1119 1564/726/1119
f 1662/726/1119 1811/726/1119 1661/726/1119
f 1572/726/1119 1663/726/1119 1811/726/1119
f 1812/726/1119 1645/726/1119 1533/726/1119
f 1660/726/1119 1812/726/1119 1614/726/1119
f 1565/726/1119 1661/726/1119 1812/726/1119
f 1658/726/1119 1813/726/1119 1637/726/1119
f 1606/726/1119 1659/726/1119 1813/726/1119
f 1659/726/1119 1555/726/1119 1636/726/1119
f 1656/726/1119 1814/726/1119 1638/726/1119
f 1599/726/1119 1657/726/1119 1814/726/1119
f 1657/726/1119 1606/726/1119 1658/726/1119
f 1654/726/1119 1815/726/1119 1639/726/1119
f 1592/726/1119 1655/726/1119 1815/726/1119
f 1655/726/1119 1599/726/1119 1656/726/1119
f 1652/726/1119 1816/726/1119 1640/726/1119
f 1585/726/1119 1653/726/1119 1816/726/1119
f 1653/726/1119 1592/726/1119 1654/726/1119
f 1817/726/1119 1641/726/1119 1561/726/1119
f 1651/726/1119 1817/726/1119 1650/726/1119
f 1585/726/1119 1652/726/1119 1817/726/1119
f 1818/726/1119 1642/726/1119 1562/726/1119
f 1649/726/1119 1818/726/1119 1648/726/1119
f 1578/726/1119 1650/726/1119 1818/726/1119
f 1819/726/1119 1643/726/1119 1563/726/1119
f 1647/726/1119 1819/726/1119 1646/726/1119
f 1571/726/1119 1648/726/1119 1819/726/1119
f 1820/726/1119 1644/726/1119 1532/726/1119
f 1645/726/1119 1820/726/1119 1613/726/1119
f 1564/726/1119 1646/726/1119 1820/726/1119
